# ChamberWatch simulation template, format 2. Built by `java -jar chamberwatch.jar sim-template` from the
# public wafers of Zenodo record 17122442 (CC BY 4.0). Do not edit by hand: rebuild it.
# channel  name  constant  idle  resolution  nonNegative  noiseRho  wanderPhi
# phase  name  SF6|C4F8  lotSd  runSd  driftScaleSd  wanderSd  noiseSd  profile  trend  drift
# swings  goodRuns  channel:cycles:size,...
channel	EpdIntensity	0.123000	0.123000	0.00000	true	0.00000	0.00000
channel	ForeLinePressure	-	23.8044	0.305176	true	0.336288	0.995000
phase	ForeLinePressure	SF6	0.692946	0.0835521	0.00000	0.416364	0.792070	104.557,140.652,155.262,155.668,155.410,154.997,154.638,154.042,153.433,152.554,151.689,150.803,149.998,149.508,149.163,148.928,148.773,148.602,148.519,148.375,148.286,146.914,145.379,145.379,145.379,145.379,145.379,145.379,145.379,145.379	0.0278053,0.0278053,-0.0257080,0.146734,0.0829911,0.132297,0.241284,0.251317,0.388064,0.378256,0.331816,0.270416,0.277398,0.317761,0.155385,0.161393,0.220562,0.257351,0.156351,0.119710,0.131886,0.108147,0.150376,0.0870287,0.0875145,0.0435547,0.0620946,0.0262622,-0.0166653,-0.00792526,0.00230379,-0.0433075,-0.0602984,-0.00767709,0.0529121,0.0347119,0.0419033,-0.00128347,0.0583517,0.0222208,0.000529682,0.0458585,0.0558925,-0.00441167,-0.00328035,-0.0674291,-0.128683,-0.00730094,-0.118330,-0.0380428,-0.0475323,-0.0943938,-0.0919969,-0.0256620,-0.0729467,-0.0705832,-0.0430843,0.0286014,0.0991019,0.0973455,0.0481539,0.0801846,0.0853056,0.0673475,0.0296641,-0.0131238,0.0306952,-0.00879419,-0.0766799,-0.147318,-0.154608,-0.198780,-0.184455,-0.269999,-0.439678,-0.346720,-0.249450,-0.308564,-0.402266,-0.336449,-0.293681,-0.191476,-0.246982,-0.191980,-0.0263740,-0.0100911,-0.0597855,0.0176201,0.0564054,0.0349088,0.0844344,0.0319312,0.0240608,0.0597720,-0.0189054,-0.0792363,-0.199948,-0.184225,-0.194339,-0.194339	0.421845,-0.123515,-0.298329,-0.384303,-0.408709,-0.432990,-0.433192,-0.460777,-0.459776,-0.408125
phase	ForeLinePressure	C4F8	0.584886	0.109554	0.271084	0.547842	0.718549	119.091,93.0722,78.1043,79.1190,84.9906,86.3251,86.2440,86.0069,86.0069,86.0069	-1.45835,-1.45835,-1.18298,-1.15965,-0.839346,-0.764544,-0.671156,-0.489849,-0.278640,-0.255186,-0.315425,-0.163753,-0.0619031,-0.100904,-0.107412,0.0286189,-0.256915,-0.278437,-0.118363,-0.134974,-0.256576,-0.284773,-0.188292,-0.0566770,-0.196269,-0.152756,0.0390789,0.0796942,0.00272292,-0.105422,0.138436,0.0848185,0.188889,0.0790887,0.0241569,0.0481374,0.0670176,0.0582165,0.0193856,-0.0875140,0.205492,0.135577,-0.0576790,-0.171241,-0.0718441,0.0358151,-0.0236386,0.168179,0.101651,-0.0670556,0.0544525,-0.0986279,0.0439232,0.165712,0.0661237,0.171556,0.0566142,0.213658,0.280577,0.395417,0.219166,0.243724,0.281547,0.367939,0.248910,0.333946,0.340754,0.217399,0.174264,0.224713,0.225176,0.275807,0.174768,0.182776,0.251902,0.187939,0.166364,0.131978,0.0141559,0.0676034,0.151921,0.0568716,0.185318,0.0901250,0.112199,0.0535810,0.173849,0.198831,0.110673,-0.00640328,0.124548,0.227804,0.341862,0.0995326,0.176691,0.253821,0.212076,0.276789,0.343673,0.343673	-0.0903800,0.125931,-0.0355507,-0.147849,-0.196465,-0.253743,-0.321683,-0.541908,-0.563909,-0.488166
channel	Gas1Flow	-	0.320000	0.00999999	true	0.811501	0.385970
phase	Gas1Flow	SF6	0.0446823	0.0403583	1.12973	0.0589876	0.0404246	0.290204,0.290476,0.291249,0.291637,0.291184,0.290847,0.291028,0.291062,0.291136,0.290272,0.290211,0.290626,0.290660,0.290422,0.290340,0.290939,0.290919,0.291041,0.290817,0.290929,0.290568,0.291262,0.288583,0.288583,0.288583,0.288583,0.288583,0.288583,0.288583,0.288583	0.0147688,0.0147688,0.0279108,0.0228470,0.0372220,0.00632372,0.00801398,0.0299814,0.0128623,0.0131913,0.0253862,0.0211036,0.0124860,-0.00447735,0.00805010,0.00931816,0.00334328,0.00814435,0.0213742,0.0226817,0.0131154,0.0168604,-0.00416987,0.00913267,0.0182447,0.00481056,-0.00966517,-0.00659632,-0.00618326,-0.0142044,0.00132826,-0.0187162,-0.0192839,-0.0149970,0.0144884,-0.0182781,-0.00538514,-0.00960970,0.00174648,0.000550157,-0.00803944,-0.0355504,-0.00516188,-0.0168875,0.00371830,-0.00359558,0.000299619,-0.0163463,0.00244167,-0.0179830,-0.00429985,0.0146136,0.00764458,-0.000566833,0.0107975,0.00238508,-0.0123225,-0.0160140,0.0214757,-0.00957007,-0.00191672,-0.000340511,-0.00596084,-0.0112190,-0.00188610,-0.0160085,-0.0108620,-0.0297210,-0.00752498,-0.00360970,-0.00231216,0.00690703,-0.00136421,0.00414276,0.00262694,0.000517095,-0.0219807,-0.0190985,0.00406570,-0.0246423,0.00302379,-0.00704931,0.00717253,0.00451653,-0.00710715,-0.0164007,0.00305328,-0.000258169,0.000333758,0.00355486,-0.00230155,-0.000541373,-0.00311946,-0.00635253,-0.00595926,-0.00605316,-0.00636529,-0.00822573,0.0181121,0.0181121	0.0134098,-0.0128241,-0.000585668,0.00661119,0.0103500,0.0137302,0.0158777,0.0493364,0.0421625,0.00883676
phase	Gas1Flow	C4F8	0.0447775	0.0399791	1.14240	0.0732694	0.0188545	0.290439,0.290663,0.290487,0.290299,0.289670,0.290000,0.289663,0.290440,0.290440,0.290440	0.0235978,0.0235978,0.0348499,0.0186957,0.000647691,0.0114913,0.0242000,0.0142719,0.00228549,0.00963686,0.0232822,0.0371155,-0.0109832,0.00298675,0.0141696,0.0136641,0.0192945,-0.00368173,0.0529958,0.00519998,0.0214774,-0.00881953,0.0203486,0.00131384,0.0328532,-0.0231212,0.0131109,-0.00769353,-0.00845915,-0.0105375,0.00110062,-0.0183267,-0.00738560,0.00457947,0.0250336,-0.0282221,-0.0163453,-0.0160223,-0.00388872,-0.0146902,-0.00266370,-0.00833609,-0.00452539,-0.0140379,-0.00517991,0.0145990,0.0121367,0.00374778,-0.00370073,-0.0103000,-0.00834789,0.00251511,-0.00834494,0.00482139,-0.00716336,0.00271342,-0.0252012,-0.000354126,-0.0137114,0.00447921,-0.0178059,0.00780976,0.00116833,-0.00967975,-0.0135451,-0.0209980,-0.0366497,-0.00172829,-0.0116783,0.00683352,0.00527154,-0.00866778,0.00583040,-0.00487068,-0.00252408,-0.0145419,-0.0190254,-0.0229862,-0.00337119,-0.0164143,0.00665784,-0.00105079,0.00843379,0.00162308,-0.00516466,-0.0170193,0.00595806,0.0149338,-0.00707801,-0.00306457,0.0195900,0.00304471,0.00148068,-0.0338753,-0.0114924,0.00311848,-0.00405244,-0.00918893,0.0222901,0.0222901	0.0147148,-0.0128561,-0.00185879,0.00746543,0.0117756,0.0125956,0.0164199,0.0501330,0.0424572,0.00654305
channel	Gas2Flow	-	4.21000	0.00999975	true	0.801823	0.197480
phase	Gas2Flow	SF6	0.0980075	0.0975685	0.433525	0.0829585	0.0697114	4.12900,4.13086,4.13191,4.13227,4.13322,4.13228,4.13180,4.13011,4.13087,4.13113,4.13166,4.13058,4.13188,4.13157,4.13242,4.13275,4.13328,4.13582,4.13576,4.13438,4.13311,4.13125,4.13471,4.13471,4.13471,4.13471,4.13471,4.13471,4.13471,4.13471	-0.0428686,-0.0428686,-0.0706565,-0.0256788,-0.0697907,-0.0843495,-0.0597807,-0.0553091,-0.0261503,-0.0336980,-0.0579917,-0.0384859,-0.0156883,-0.0180992,-0.0332080,-0.00910188,-0.00431923,0.0131269,-0.0327579,-0.0396985,-0.0374281,-0.00627133,0.00817680,-0.0146637,-0.0235450,0.0125664,-0.0152064,0.00686975,-0.0128501,-0.00313252,0.0378189,0.00971884,-0.0194781,-0.00178276,-0.00617719,0.0104494,0.0134634,0.0184477,0.0560920,0.00659445,-0.00436809,0.00926495,0.0270103,0.0225018,0.0307306,0.0358547,0.0237165,0.00435078,0.0233794,-0.0319585,0.0133610,0.0109991,0.0316164,0.0365026,-0.00666975,-0.0115552,0.0441905,-0.00895641,0.0308835,0.0347308,-0.00502805,0.0210021,0.0336583,0.0218576,0.0343686,0.0411965,-0.000152829,0.0361982,0.0374660,0.00427307,0.00181660,0.00787531,-0.0148680,0.0306961,0.0127071,0.0291863,0.0102808,-0.00535170,-0.0231302,0.00696400,0.0178967,0.0108258,-0.00198150,-0.00392005,0.0100277,0.00381306,0.0429709,-0.00611567,-0.0221323,0.0307343,-0.0151361,0.0143216,-0.00924466,0.0102384,0.0125766,-0.000932239,-0.0139833,-0.00421602,-0.00775889,-0.00775889	0.0371959,-0.0113934,-0.0258025,-0.0413313,-0.0494610,-0.0399262,-0.0433271,-0.0465839,-0.0163164,-0.0564260
phase	Gas2Flow	C4F8	0.0974115	0.0980974	0.407504	0.109808	0.0337501	4.12812,4.12757,4.12881,4.12894,4.12709,4.12614,4.12694,4.12541,4.12541,4.12541	-0.0724205,-0.0724205,-0.0314338,-0.0536418,-0.0795889,-0.0627263,-0.0615450,-0.0185575,-0.0595445,-0.0456965,-0.0554566,-0.0193861,0.0186290,-0.0338620,-0.0199166,-0.0157588,0.00651798,0.0151763,-0.0330056,-0.00458821,-0.00865388,1.49604e-05,-0.0115799,-0.0151608,-0.00463669,0.00601431,-0.0217051,-0.0162596,-0.0116361,0.000946104,0.0260272,-0.0107564,-0.0194615,0.00389335,-0.00398824,0.00799436,-0.0110857,0.0263032,0.0397549,-0.0130803,0.0416647,0.0389097,0.0128790,-0.00885007,0.0326932,0.0176018,0.0267822,0.0229120,0.00105142,-0.0276330,0.0203710,0.0366494,0.0233633,-0.0143411,0.0112726,-0.00116111,0.0312116,-0.0135914,0.0460044,0.0168071,-0.00707967,0.0255435,0.0351308,0.0303180,0.0454968,0.0288139,-0.0201846,0.0355795,0.0326044,-0.0212030,-0.00583127,-0.00988790,-0.0118928,0.0449225,0.00730278,0.0482588,0.000656668,0.0195593,-0.00562862,0.0416355,0.0165525,0.00977855,0.0156608,0.00508061,-0.00727722,0.0162488,0.0310154,-0.0106361,0.000360503,-0.0255622,-0.0456938,0.00976631,0.0304757,-0.0114807,0.00897419,-0.00286967,-0.00577076,0.00421809,-0.00381831,-0.00381831	0.0359236,-0.00789230,-0.0280313,-0.0408820,-0.0454313,-0.0387037,-0.0441302,-0.0432820,-0.0153615,-0.0574523
channel	Gas3Flow	0.00000	0.00000	0.00000	true	0.00000	0.00000
channel	Gas4Flow	-	5.08500	0.00997925	true	0.371056	0.864859
phase	Gas4Flow	SF6	0.00168382	0.000245033	0.205664	0.00397562	0.00600823	1.21143,0.00355223,0.00000,0.00000,1.36101e-05,0.00336169,0.00739707,0.0134365,0.0191290,0.0299285,0.0393059,0.0500340,0.0664444,0.0796053,0.0968935,0.113124,0.130088,0.150551,0.170674,0.194859,0.215427,49.1000,103.881,103.881,103.881,103.881,103.881,103.881,103.881,103.881	0.00507262,0.00507262,0.00274467,0.00419568,0.00454115,0.00633921,0.00463301,0.00235032,0.00108816,0.00159995,0.00149686,-0.00225090,-0.00234946,-0.00310233,-0.00230637,-0.00269363,-0.00501312,-0.00483427,-0.00318535,-0.000668676,-0.00175986,-0.000662269,0.000721592,0.00254455,0.00322987,0.00376446,0.00306967,0.00343153,0.00639455,0.00482906,0.00400173,0.00213449,0.00323730,0.00259009,-0.000703836,-0.00214633,-0.00251103,-0.00182814,-0.00270763,-0.00440935,-0.00543725,-0.00340215,-0.00231799,-0.00465053,-0.00315393,-0.00252396,0.00152748,0.00124518,0.00121246,0.00161532,0.00476634,0.00502873,0.00296011,0.00448534,0.00396572,0.00525380,0.00284658,-2.24817e-05,-0.000888479,-0.000214780,-0.000731169,-0.00275674,-0.00479502,-0.00436971,-0.00336137,-0.00445942,-0.00571007,-0.00522669,-0.00277472,-0.00107879,-0.000823944,-2.59410e-05,0.00102776,0.00257092,0.00402731,0.00287323,0.00245597,0.00386450,0.00609468,0.00358991,0.00244225,0.000580218,0.00141803,0.000345444,-0.00141020,-0.00401488,-0.00442704,-0.00284742,-0.00371229,-0.00555469,-0.00611151,-0.00432060,-0.00317667,-0.00403048,-0.00314151,-0.000552537,0.00216568,0.00177790,0.00104086,0.00104086	0.000677294,-0.000475227,-0.000202067,4.06866e-05,0.000326948,0.000508062,0.000559461,0.000909208,0.000686986,0.000658327
phase	Gas4Flow	C4F8	0.00333155	0.00104678	1.58198	0.00000	0.00945098	283.301,299.161,299.974,299.998,299.990,299.996,209.806,111.576,111.576,111.576	0.00117190,0.00117190,0.00112782,0.00351633,0.00214691,0.00209729,0.00262735,2.26155e-05,-0.000506958,-0.000770766,0.000589614,-0.00136132,0.000574649,0.00100637,-0.000382880,-4.97297e-05,0.000191350,0.000406270,-0.000371929,0.000156534,0.000533860,-0.000452827,0.000272446,-2.81152e-05,0.00163967,-0.000484427,-0.000316580,-0.000955924,-0.000143807,-0.00292736,-0.000725507,-0.000652246,1.99056e-05,-0.000527171,-0.00309470,0.000717830,-0.00699480,0.000698800,-0.000788614,-0.00223427,-0.000614117,0.000762585,-0.000227534,-0.00255535,-0.000116653,0.00187461,0.00138512,0.000914813,0.00108826,0.000252762,-7.46799e-05,0.00115287,-0.000212518,-6.38221e-05,-0.000512061,-0.000693907,0.000189250,-0.000857834,0.000885822,0.00124576,-0.000495571,0.000542517,-0.000352702,-0.000460975,-0.000551688,-0.000222504,-0.000999083,0.00100536,-0.000661411,-0.000422338,0.000489396,0.000880791,0.00116404,0.000780913,0.00122072,0.000588140,-0.000762501,0.00148684,0.00105449,0.00115923,-0.00108822,-0.00222191,-0.00228468,-0.000663875,0.000341064,0.00110659,0.000527719,-0.000125403,5.39802e-06,4.15200e-05,-0.000834237,-0.00122515,0.000134631,-2.97067e-05,-0.000261141,0.000473390,0.000305063,0.000454893,0.000340795,0.000340795	-5.74266e-05,-4.80214e-05,0.000105448,0.000373993,0.000132221,-0.000114878,0.000330540,0.000626663,0.000861104,0.00111925
channel	Gas5Flow	-	0.00000	0.00000	true	0.0464429	0.00000
phase	Gas5Flow	SF6	2.42866e-05	3.82017e-05	0.00000	0.00000	0.00412593	557.571,598.537,599.981,599.990,599.993,599.995,599.996,599.997,599.998,599.998,599.998,599.998,599.999,599.999,599.999,599.999,599.999,599.999,599.999,599.999,599.999,413.405,204.231,204.231,204.231,204.231,204.231,204.231,204.231,204.231	-0.00117069,-0.00117069,-9.46939e-05,0.000107668,4.89741e-05,6.48642e-05,4.80122e-05,9.97142e-05,-1.66437e-05,1.46298e-05,2.77475e-05,1.47478e-05,-4.26403e-05,-1.52797e-05,-2.60056e-05,6.67402e-05,4.07098e-06,2.18430e-05,-5.24477e-07,-6.88066e-06,9.46841e-06,5.99825e-05,5.59577e-07,2.16703e-05,-1.43305e-06,6.84417e-05,-1.66988e-05,1.21941e-05,2.01968e-05,6.52633e-05,-8.24196e-06,4.25097e-06,6.38442e-05,3.39894e-05,3.27953e-05,1.47471e-05,5.69224e-05,5.60569e-06,4.60822e-05,2.05955e-05,-6.78132e-06,2.04796e-05,-4.82630e-05,4.33534e-05,2.52488e-05,7.08819e-05,2.14449e-05,1.85444e-05,-1.64367e-05,8.78620e-06,-1.44867e-05,5.23235e-05,7.27534e-05,3.44520e-06,6.45856e-05,9.29743e-06,4.56842e-05,-6.45456e-05,-5.74434e-06,2.03668e-05,4.51162e-05,-2.45307e-06,4.16560e-05,-3.63992e-06,-2.85074e-05,3.77320e-05,6.06222e-06,-7.95393e-05,5.87963e-05,-0.000113765,-4.95665e-05,-6.82459e-06,2.53641e-05,6.87280e-05,-2.42463e-05,3.89282e-05,-2.37392e-05,3.45595e-05,-3.98570e-06,4.22700e-05,3.79594e-05,1.00914e-05,1.29854e-05,-5.81587e-07,-3.61079e-05,4.67617e-05,-2.87282e-05,-7.88834e-05,6.85727e-06,-3.62827e-05,-6.59125e-05,6.08914e-05,-4.14479e-05,6.44717e-05,-6.14204e-06,7.40049e-05,-4.82637e-05,-7.89826e-06,-3.66512e-06,-3.66512e-06	1.25143e-05,-1.07998e-05,-1.71451e-06,4.60073e-06,-7.08522e-06,-7.40404e-06,-1.35231e-05,-7.34674e-07,4.35993e-06,-1.42320e-05
phase	Gas5Flow	C4F8	0.00000	0.00000	0.00000	0.00000	0.00000	2.12551,0.00311330,0.00000,0.00000,0.00000,0.00000,62.7519,131.271,131.271,131.271	-1.95156e-18,-1.95156e-18,-1.95156e-18,-1.95156e-18,-1.95156e-18,-1.95156e-18,-1.95156e-18,-1.95156e-18,-1.95156e-18,-1.95156e-18,-1.95156e-18,-1.95156e-18,-1.95156e-18,-1.95156e-18,-1.95156e-18,-1.95156e-18,-1.95156e-18,-1.95156e-18,-1.95156e-18,-1.95156e-18,-1.95156e-18,-1.95156e-18,-1.95156e-18,-1.95156e-18,-1.95156e-18,-1.95156e-18,-1.95156e-18,-1.95156e-18,-1.95156e-18,-1.95156e-18,-1.95156e-18,-1.95156e-18,-1.95156e-18,-1.95156e-18,-1.95156e-18,-1.95156e-18,-1.95156e-18,-1.95156e-18,-1.95156e-18,-1.95156e-18,-1.95156e-18,-1.95156e-18,-1.95156e-18,-1.95156e-18,-1.95156e-18,-1.95156e-18,-1.95156e-18,-1.95156e-18,-1.95156e-18,-1.95156e-18,-1.95156e-18,-1.95156e-18,-1.95156e-18,-1.95156e-18,-1.95156e-18,-1.95156e-18,-1.95156e-18,-1.95156e-18,-1.95156e-18,-1.95156e-18,-1.95156e-18,-1.95156e-18,-1.95156e-18,-1.95156e-18,-1.95156e-18,-1.95156e-18,-1.95156e-18,-1.95156e-18,-1.95156e-18,-1.95156e-18,-1.95156e-18,-1.95156e-18,-1.95156e-18,-1.95156e-18,-1.95156e-18,-1.95156e-18,-1.95156e-18,-1.95156e-18,-1.95156e-18,-1.95156e-18,-1.95156e-18,-1.95156e-18,-1.95156e-18,-1.95156e-18,-1.95156e-18,-1.95156e-18,-1.95156e-18,-1.95156e-18,-1.95156e-18,-1.95156e-18,-1.95156e-18,-1.95156e-18,-1.95156e-18,-1.95156e-18,-1.95156e-18,-1.95156e-18,-1.95156e-18,-1.95156e-18,-1.95156e-18,-1.95156e-18	0.00000,0.00000,0.00000,0.00000,0.00000,0.00000,0.00000,0.00000,0.00000,0.00000
channel	Gas7Flow	-	2.06000	0.00999999	true	0.787002	0.392044
phase	Gas7Flow	SF6	0.0580131	0.0390804	0.660586	0.0299812	0.0225050	2.02203,2.02247,2.02318,2.02320,2.02363,2.02397,2.02358,2.02434,2.02430,2.02459,2.02458,2.02495,2.02540,2.02545,2.02566,2.02538,2.02568,2.02544,2.02588,2.02583,2.02542,2.02595,2.02741,2.02741,2.02741,2.02741,2.02741,2.02741,2.02741,2.02741	0.00925575,0.00925575,0.0132970,0.0158818,0.00994991,0.0122555,0.0159488,0.0104459,0.00725898,0.00585402,0.0123952,0.00824340,0.00443222,-0.00197778,0.00278569,0.00479602,0.000636886,0.00372135,0.00404933,-0.00891119,0.00441344,0.000256610,0.00631200,0.00361386,0.00179177,0.00268514,0.000824827,-0.0101720,0.00336009,-0.000188678,-0.0144484,-0.00493809,-0.00136686,0.000131541,-0.0125376,-0.00443594,-0.00228962,0.00384925,-0.00568273,-0.00187956,-0.00689703,-0.00654145,0.000369225,-0.00611808,-0.0183844,-0.00234117,0.00135731,-0.0122436,-0.00799353,-0.00351915,-0.00424363,-0.00737677,-0.00179791,-0.00903487,-0.000199895,-0.00956874,-0.00704379,-0.00487691,-0.00725831,-0.00791630,-0.00359186,0.000733302,-0.000177336,-0.00890410,-0.00964723,0.00658131,-0.00340355,-0.00791790,-0.00319282,-0.00268976,-0.00683386,-0.00215029,-0.00195429,0.00329391,0.000899102,-0.00358211,0.00301599,-0.00249655,-0.00297597,-0.00936857,-0.000180682,0.00243035,-0.00428037,0.00272835,0.00575195,0.00272562,0.00483014,-0.000771193,0.00872615,0.00277860,0.00277129,0.00658095,0.00894361,-0.00409364,0.0116954,0.00377156,-0.00101045,0.0146082,0.00865654,0.00865654	-0.0205176,1.59486e-05,0.0205016,0.0411431,0.0527649,0.0575879,0.0618072,0.0295681,0.0382664,0.0426322
phase	Gas7Flow	C4F8	0.0580992	0.0392705	0.667622	0.0373833	0.0122108	2.02797,2.02854,2.02781,2.02774,2.02731,2.02695,2.02468,2.02286,2.02286,2.02286	0.0151999,0.0151999,0.0100684,0.0139287,0.0135530,0.0145942,0.00890931,0.000597967,0.00963875,0.00427423,0.0132488,0.0154423,0.00790834,0.000404556,-0.00175512,0.00451922,0.00563118,0.0139719,-0.0108392,-0.00103632,0.00584937,-0.00640223,-0.00174033,0.0104954,-0.00216884,0.000421522,-0.00322615,-0.00708325,-0.00203851,0.000277630,-0.0159314,0.00379085,0.00261099,-0.00704850,-0.0100421,0.00244090,-0.00509308,0.00425365,-0.00110406,-0.00819797,-0.000532509,0.00457022,0.00140799,-0.00609623,-0.0157160,-0.00292658,0.000930133,-0.0163695,-0.0105847,-0.00136687,-0.00743241,0.00261936,-0.00186844,-0.00140739,-0.00385389,-0.0151952,-0.0150593,-0.00910921,-0.00856906,0.00200268,0.00392253,-0.00185863,-0.00856390,-0.0158828,0.00225845,-0.00614841,-0.0141606,0.00229623,-0.0128015,-0.00321256,-0.00654454,-0.000856252,-0.00701073,-0.00367297,-0.0112440,-0.00986203,0.0104491,-0.00737106,-0.00833647,-0.00919678,-0.00153953,0.00277043,0.00381184,0.0124199,0.00444912,0.0144731,0.00540099,0.0104079,0.00456402,0.00576465,0.00484501,-0.000365048,0.000127751,0.00808300,-0.000167425,0.00996767,0.00559893,0.0117938,0.0120242,0.0120242	-0.0208790,0.000374089,0.0205049,0.0424240,0.0534108,0.0588401,0.0626461,0.0311705,0.0381519,0.0424660
channel	Gas8Flow	0.00000	0.00000	0.00000	true	0.00000	0.00000
channel	Heater1Temp	-	1371.00	0.0999756	true	0.847705	0.654160
phase	Heater1Temp	SF6	0.000753159	0.00267329	1.27752	0.0326823	0.0143759	1371.01,1371.01,1371.01,1371.01,1371.01,1371.01,1371.01,1371.01,1371.01,1371.01,1371.01,1371.01,1371.01,1371.01,1371.01,1371.01,1371.01,1371.01,1371.01,1371.01,1371.01,1371.01,1371.01,1371.01,1371.01,1371.01,1371.01,1371.01,1371.01,1371.01	0.0121826,0.0121826,0.00551759,0.00220548,0.00385530,-0.00444595,-0.00445785,-0.0111184,-0.00779434,-0.00777904,-0.00112590,-0.00279216,0.00388762,0.00887336,0.00886996,0.0105311,-0.00111626,-0.00444765,-0.00610994,-0.00278706,-0.00611334,-0.00444822,-0.00610144,0.00387004,-0.00443064,0.00719292,0.00219414,-0.00111740,-0.00444992,-0.00945096,-0.0144356,-0.00775919,-0.00445502,0.00222022,-0.00110549,0.0155044,0.00551986,0.00220095,0.00220038,-0.00776033,-0.00444765,-0.00446182,-0.00113894,-0.00444765,0.00552553,0.00552496,0.00552780,0.00887052,0.00221569,0.00552383,-0.00112704,-0.0111031,-0.0111178,-0.0111178,-0.00779378,-0.00443801,-0.00113951,0.000539790,0.00719462,0.0122047,0.00553403,0.0171463,-0.00277345,0.00551476,0.00219188,-0.00112477,-0.00112420,0.00217940,0.00216806,0.00552213,0.00553177,0.00552723,0.00218961,-0.00445785,-0.0144344,-0.0111167,-0.00778244,-0.00777053,0.00220662,0.00553574,0.00386267,0.00550399,0.00884161,0.00387231,0.00552553,-0.00445502,-0.00113667,-0.00280520,-0.00111853,-0.00112363,-0.00114348,0.00882970,0.0121832,0.0121753,0.00551532,0.000540924,-0.00279386,-0.0111087,-0.0143244,-0.0143244	-0.000739232,0.000955802,-0.000216570,-0.000177989,0.00165720,-0.000320617,0.00130603,0.00154471,-0.000478316,0.000661907
phase	Heater1Temp	C4F8	0.000983115	0.00220743	0.00000	0.0330902	0.000125882	1371.01,1371.01,1371.01,1371.01,1371.01,1371.01,1371.01,1371.02,1371.02,1371.02	2.88196e-05,2.88196e-05,0.00335794,0.00335964,0.00669556,-0.00330370,-0.00330370,-0.00163744,-0.00663622,-0.00663622,2.88196e-05,2.88196e-05,0.00336134,0.0100298,0.0133589,0.00336134,-0.00330370,-0.00663622,-0.00663622,-0.00830248,-0.00330370,2.88196e-05,3.05205e-05,-0.00163744,2.88196e-05,0.00336134,0.00669386,2.88196e-05,-0.00663622,-0.00996874,-0.00330370,-0.00330370,2.88196e-05,0.00669726,0.00669386,0.00669386,0.00669386,0.00336474,0.00336134,-0.00330370,-0.00663622,-0.00663282,2.88196e-05,2.88196e-05,0.00669386,0.00336134,2.88196e-05,0.00336134,0.00669386,0.00336134,-0.00663622,-0.00996534,-0.00663282,-0.00330030,-0.00330370,0.00336134,2.88196e-05,0.0100264,0.0100247,0.0133589,0.0100281,0.00669556,-0.00330370,-0.00663622,2.54179e-05,-0.00330370,2.88196e-05,-0.00996534,-0.00330370,2.88196e-05,3.22213e-05,0.00336134,0.00336134,-0.00330370,-0.00663622,-0.00330370,-0.00330370,-0.00330200,0.00336134,2.88196e-05,0.00502760,0.00836012,0.0100264,0.00836012,2.88196e-05,-0.00996874,-0.00996874,-0.00663622,-0.00330370,-0.00330370,-0.00330370,2.88196e-05,0.00335794,2.88196e-05,0.00336134,0.00336304,2.88196e-05,-0.00663622,-0.00636749,-0.00636749	-0.000446890,0.000281529,0.000165362,0.000266753,0.000471097,0.00133776,0.000202203,0.00133583,0.000556278,0.00197907
channel	Heater2Temp	-	54.7000	0.0999985	true	0.864757	0.767405
phase	Heater2Temp	SF6	0.315499	0.0154628	0.232331	0.0722065	0.0281248	54.6952,54.6948,54.6948,54.6948,54.6949,54.6953,54.6955,54.6953,54.6960,54.6964,54.6969,54.6971,54.6969,54.6969,54.6969,54.6967,54.6968,54.6971,54.6972,54.6971,54.6974,54.6973,54.7027,54.7027,54.7027,54.7027,54.7027,54.7027,54.7027,54.7027	-0.226975,-0.226975,-0.228675,-0.260223,-0.253503,-0.248604,-0.251887,-0.260296,-0.261873,-0.266918,-0.276826,-0.260150,-0.271920,-0.260207,-0.270200,-0.255274,-0.253462,-0.253602,-0.248543,-0.236837,-0.231860,-0.215234,-0.218555,-0.216856,-0.200029,-0.188638,-0.166922,-0.166928,-0.153658,-0.148656,-0.130181,-0.125318,-0.111841,-0.103541,-0.0851381,-0.0686249,-0.0619799,-0.0585182,-0.0518549,-0.0418579,-0.0153085,-0.00864156,-0.000327127,0.00139603,0.0164180,0.0297487,0.0530745,0.0530429,0.0598232,0.0831214,0.0896952,0.0998170,0.0898214,0.113064,0.119941,0.133024,0.133147,0.146523,0.146431,0.156421,0.161463,0.176338,0.186505,0.186345,0.186363,0.193109,0.186430,0.183127,0.199748,0.206505,0.201501,0.194755,0.203092,0.198061,0.208105,0.189744,0.198121,0.179763,0.188078,0.169771,0.183119,0.178137,0.161644,0.168206,0.144840,0.163021,0.146487,0.133213,0.138086,0.114716,0.124765,0.113157,0.111460,0.103109,0.0780851,0.0715221,0.0681914,0.0548090,0.0397659,0.0397659	-0.000316865,0.00317390,-0.00285703,-0.00884017,-0.0172136,-0.0187426,-0.0144728,-0.0112135,-0.00427195,-0.00912606
phase	Heater2Temp	C4F8	0.316477	0.0154049	0.268802	0.0737910	0.00657106	54.6973,54.6972,54.6973,54.6973,54.6973,54.6975,54.6978,54.6946,54.6946,54.6946	-0.247214,-0.247214,-0.253876,-0.258881,-0.255545,-0.257216,-0.253882,-0.268876,-0.267211,-0.268881,-0.272213,-0.262211,-0.267214,-0.265546,-0.265546,-0.263880,-0.245549,-0.250549,-0.250548,-0.233881,-0.230546,-0.207213,-0.222213,-0.205544,-0.190545,-0.197211,-0.175548,-0.167213,-0.158881,-0.143876,-0.132213,-0.120545,-0.0988830,-0.0905484,-0.0788796,-0.0705452,-0.0605473,-0.0405472,-0.0338804,-0.0288815,-0.0305473,-0.0255472,-0.0138808,0.0111173,0.0144540,0.0444506,0.0494513,0.0544535,0.0561166,0.0794511,0.0827857,0.109448,0.0994522,0.116118,0.132784,0.122790,0.139452,0.159452,0.152788,0.156120,0.172787,0.179455,0.179450,0.169453,0.179453,0.192785,0.189453,0.192788,0.209452,0.206118,0.209453,0.196118,0.199451,0.196122,0.212786,0.199453,0.196119,0.179455,0.179455,0.189453,0.164453,0.162786,0.174453,0.159453,0.149453,0.147786,0.129452,0.144454,0.119452,0.121119,0.119452,0.107786,0.106119,0.0827867,0.0777890,0.0861190,0.0677868,0.0561192,0.0479937,0.0479937	-0.000377092,0.00371289,-0.00333580,-0.00854023,-0.0155294,-0.0155803,-0.0104719,-0.00871427,-0.00405409,-0.00738216
channel	Heater3Temp	-	10.1000	0.0999994	true	0.868339	0.0879748
phase	Heater3Temp	SF6	0.0219290	0.0238401	0.918838	0.0365017	0.0286637	10.1619,10.1615,10.1618,10.1616,10.1615,10.1618,10.1619,10.1618,10.1618,10.1613,10.1614,10.1608,10.1604,10.1605,10.1608,10.1607,10.1605,10.1609,10.1609,10.1608,10.1611,10.1607,10.1622,10.1622,10.1622,10.1622,10.1622,10.1622,10.1622,10.1622	-0.0226956,-0.0226956,-0.00613159,0.000572466,-0.00446890,-0.00781242,-0.0144439,-0.00778631,0.00216824,-0.00449102,0.000545310,-0.00122972,-0.0161145,-0.00110550,-0.00780560,-0.00610040,0.000521461,-0.0127324,-0.00444905,0.000519161,-0.00114239,-0.00442122,-0.0194252,-0.00279941,-0.00107434,-0.0177528,0.0121683,-0.00438724,-0.00445923,-0.00944112,0.00885188,-0.0194683,-0.0160749,0.00218862,-0.0127222,0.00223065,0.000525997,-0.0127370,-0.00107207,0.00554749,-0.00447514,-0.00775912,0.00546072,-0.00107885,0.00887286,-0.0210776,-0.00437927,-0.00779147,0.00219662,0.0121790,0.00550385,-0.00108739,-0.0110680,0.00544428,0.00227715,0.000567331,0.0171824,0.000579303,-0.0110867,-0.00770918,-0.0176877,0.00555149,0.000560558,0.0138706,0.00551230,-0.00776766,-0.00108345,-0.00778407,0.0188711,0.0139267,0.00219150,0.0121659,0.0122028,-0.00607373,0.0155202,0.0204992,0.00880935,-0.00446437,0.00888364,-0.00941388,0.00719543,0.00221020,0.00718125,0.0204800,0.0155180,0.0104368,0.00879063,-0.00441503,0.0105265,0.00721584,0.00888137,0.0105384,0.00886776,0.0337860,-0.00614236,-0.00441279,0.00553221,-0.00614407,0.00560416,0.00560416	-0.00616125,0.000592998,0.00556826,0.0114273,0.0163170,0.0104792,0.0235223,0.0193417,0.0229762,0.0190160
phase	Heater3Temp	C4F8	0.0203373	0.0236703	0.850016	0.0419890	0.00836381	10.1605,10.1608,10.1610,10.1612,10.1616,10.1614,10.1614,10.1610,10.1610,10.1610	-0.00777212,-0.00777212,-0.00109188,-0.00943538,-0.0144490,-0.00779257,0.00388427,0.000574853,-0.00944221,-0.0160952,-0.0177585,-0.0144319,0.00554072,-0.00943538,0.000540765,-0.0244387,-0.00945919,0.0105611,-0.0110986,-0.00943194,-0.00776867,-0.00444219,-0.00777212,0.00556114,-0.0111089,-0.0144388,-0.00111568,-0.00777891,-0.00611907,-0.0110986,0.00222782,-0.0127857,0.00388087,-0.00277896,-0.00277892,-0.00777893,0.00222448,0.00221084,0.0122244,-0.00111570,0.00222782,-0.0244387,-0.00777212,0.00387066,-0.0111054,0.0105271,-0.00444901,-0.00777212,-0.00779257,-0.00110549,0.00221765,0.00553054,-0.0211054,-0.00778233,0.0188842,-0.00442523,0.00557478,0.00223466,0.00555776,0.0122346,0.0188808,0.00222442,0.00890809,0.00222776,0.00556117,0.0188944,0.00889445,0.00890125,0.0288944,0.0155679,0.00223463,0.0122346,0.0155679,0.00557475,0.0122482,0.00224143,0.00223463,-0.00110549,0.00890125,0.00722781,0.00222442,0.0105577,0.00389448,0.00389449,-0.00110552,-0.00277215,-0.00777549,0.00722439,0.0105611,0.00889448,0.0105645,0.00889106,0.00722439,-0.00609869,0.000557761,0.0105577,-0.00609866,-0.00276875,-0.00441768,-0.00441768	-0.00488160,-0.000947689,0.00582929,0.00832875,0.0172098,0.0114469,0.0250751,0.0195733,0.0213129,0.0200283
channel	Heater4Temp	-	59.7000	0.0999985	true	0.869248	0.245750
phase	Heater4Temp	SF6	0.337085	0.00961460	1.89924	0.0477488	0.0345030	59.7189,59.7186,59.7191,59.7190,59.7189,59.7184,59.7184,59.7184,59.7188,59.7187,59.7191,59.7191,59.7190,59.7192,59.7191,59.7190,59.7189,59.7191,59.7190,59.7193,59.7197,59.7199,59.7256,59.7256,59.7256,59.7256,59.7256,59.7256,59.7256,59.7256	-0.210720,-0.210720,-0.184074,-0.195705,-0.169062,-0.157401,-0.130723,-0.119053,-0.0940395,-0.100701,-0.0740673,-0.0656794,-0.0441012,-0.0373468,-0.0224065,-0.00734531,-0.00404202,0.00927416,-0.00236429,0.0242666,0.0309442,0.0426162,0.0426067,0.0276436,0.0392806,0.0242656,0.0442529,0.0375862,0.0209704,0.0225864,0.0359459,0.0259539,0.0409393,0.0392462,0.0376567,0.0459745,0.0459089,0.0509644,0.0376323,0.0409009,0.0426061,0.0509253,0.0492388,0.0275876,0.0342542,0.0242946,0.0176597,0.0176410,0.0309124,0.0242549,0.0275886,0.0242746,0.0142945,0.0209918,0.0392998,0.0276053,0.00764677,0.0192697,0.00598567,0.00929331,0.00595254,0.0142600,0.0242744,0.0192385,0.0142453,0.000944483,0.0209663,0.000972709,0.0226029,0.0359601,-0.00404379,0.0126049,0.0226267,0.00596425,0.00933326,0.0192788,0.0159245,-0.00738198,-0.0190148,0.0109530,-0.00236442,0.0159369,0.00761779,0.000959353,-0.00570860,0.00427310,0.00925708,0.00762863,-0.00401121,-0.000733252,0.00762894,0.00760852,0.0159466,0.0226523,-0.00570570,0.00597440,0.00926565,0.0109496,0.00305276,0.00305276	-0.00115215,-0.00167617,0.00282832,0.00384846,0.00320140,0.00677462,0.00322232,0.0149948,0.0119273,0.00685157
phase	Heater4Temp	C4F8	0.336857	0.0103749	2.05121	0.0534236	0.00969026	59.7200,59.7202,59.7204,59.7207,59.7205,59.7209,59.7211,59.7164,59.7164,59.7164	-0.207205,-0.207205,-0.187202,-0.187208,-0.168869,-0.157209,-0.120543,-0.108870,-0.0905372,-0.0938715,-0.0721974,-0.0572087,-0.0405301,-0.0305313,-0.0155379,-0.0172018,-0.00387672,0.00946466,0.0127951,0.0144645,0.0344643,0.0411310,0.0311282,0.0411309,0.0211284,0.0261351,0.0327939,0.0227979,0.0227978,0.0211284,0.0211283,0.0327935,0.0494644,0.0294605,0.0561307,0.0477977,0.0361270,0.0477936,0.0427975,0.0411270,0.0361191,0.0394605,0.0261311,0.0194607,0.0227979,0.0527857,0.0377898,0.0144602,0.00946057,0.00612729,0.0161234,0.0227897,0.0127940,0.0427858,0.0327976,0.0161312,0.0261231,0.0127979,0.0127870,0.0194646,0.00279640,0.0194628,0.00280181,0.00279823,0.00279400,0.0128058,0.0161188,0.0194607,0.0261243,0.0194618,0.0127952,0.00613239,0.0194578,0.0228029,0.0327989,0.00946593,-0.00387143,-0.0171978,0.00280220,0.00779802,0.0111313,0.0211286,0.00946428,-0.00720200,-0.00720188,0.00113543,-0.00386878,0.0111313,0.00612829,-0.00720207,0.0127981,0.00946851,0.0111285,0.00946183,-0.00553820,0.0327976,0.00279810,0.00446474,0.0142743,0.0142743	-0.00415894,0.00275980,0.00139914,0.000483655,0.00507591,0.00349471,0.00520576,0.0147844,0.00873632,0.00381470
channel	HeliumBPFlow	-	0.134281	0.00122070	true	0.174235	0.983345
phase	HeliumBPFlow	SF6	0.112134	0.0381385	0.369950	0.0245860	0.00871861	1.43977,1.43877,1.43269,1.42983,1.42537,1.42324,1.42244,1.42138,1.42096,1.42139,1.42139,1.42138,1.42155,1.42130,1.42125,1.42088,1.42092,1.42077,1.42046,1.42055,1.42032,1.41984,1.42003,1.42003,1.42003,1.42003,1.42003,1.42003,1.42003,1.42003	0.00268116,0.00268116,-0.00534954,-0.00854433,-0.00801310,-0.00863934,-0.00685706,-0.00602597,-0.00414758,-0.00255535,-0.00172944,7.40291e-05,0.00166773,0.00333314,0.00454131,0.00586276,0.00632207,0.00792408,0.00899108,0.00999776,0.0112272,0.0114706,0.0118132,0.0120965,0.0121665,0.0133437,0.0134500,0.0130671,0.0128271,0.0125082,0.0130828,0.0126510,0.0119489,0.0114233,0.0119829,0.0112658,0.0109357,0.0107655,0.0102973,0.0104141,0.00943821,0.00937723,0.00830861,0.00817507,0.00743077,0.00781087,0.00696083,0.00638185,0.00584178,0.00427036,0.00418524,0.00465227,0.00303107,0.00337828,0.00239500,0.00173406,0.00145134,0.000839927,7.45721e-05,-0.000743046,-0.000313512,-0.000748269,-0.00148962,-0.00215035,-0.00272254,-0.00311372,-0.00374413,-0.00386951,-0.00470836,-0.00480721,-0.00563024,-0.00594777,-0.00630345,-0.00710330,-0.00710749,-0.00731708,-0.00747917,-0.00812896,-0.00892150,-0.00882193,-0.00940960,-0.00935987,-0.0104019,-0.0103084,-0.0110743,-0.0108810,-0.0113108,-0.0118458,-0.0120517,-0.0124458,-0.0136414,-0.0121583,-0.0132527,-0.0132022,-0.0133680,-0.0143180,-0.0150201,-0.0144555,-0.0148255,-0.0148255	0.0394395,-0.0110373,-0.0284021,-0.0283105,-0.0124669,-0.0107097,-0.0196573,-0.0323555,-0.0311285,-0.0149907
phase	HeliumBPFlow	C4F8	0.111260	0.0381474	0.390866	0.0241019	0.00806167	1.42262,1.42491,1.42918,1.43088,1.43430,1.43585,1.43740,1.43698,1.43698,1.43698	-0.000476741,-0.000476741,-0.00622899,-0.00860734,-0.00651482,-0.00514363,-0.00507704,-0.00447621,-0.00172569,-0.000297437,0.00117750,0.000385242,0.00387175,0.00495091,0.00775197,0.00593439,0.00850375,0.00805009,0.00946714,0.0113837,0.00926545,0.0120571,0.0120273,0.0133957,0.0113728,0.0121061,0.0132881,0.0129344,0.0132882,0.0132472,0.0123744,0.0121246,0.0120851,0.00973402,0.0120555,0.0100280,0.0101896,0.00976677,0.0108705,0.0118024,0.0113129,0.00833633,0.00865863,0.00817930,0.00656279,0.00737963,0.00635211,0.00482533,0.00353594,0.00625834,0.00417844,0.00263442,0.00327026,0.00351059,0.00309681,0.000822641,0.000377265,0.000724387,0.000657892,-0.00114271,-0.000923031,-0.00177153,-0.00160488,-0.00236017,-0.00462037,-0.00387430,-0.00278267,-0.00310123,-0.00366063,-0.00445876,-0.00705975,-0.00663414,-0.00721272,-0.00728486,-0.00924240,-0.00819372,-0.00797314,-0.00806109,-0.00828931,-0.00913450,-0.00930036,-0.00912906,-0.00943123,-0.0120775,-0.0101867,-0.0113809,-0.0107121,-0.0122660,-0.0120914,-0.0123208,-0.0127830,-0.0140379,-0.0142518,-0.0131120,-0.0156415,-0.0140829,-0.0153639,-0.0147296,-0.0158603,-0.0158603	0.0376399,-0.0101543,-0.0274856,-0.0275094,-0.0118293,-0.00969301,-0.0188318,-0.0317374,-0.0308033,-0.0142002
channel	HeliumBPPressure	-	0.0138859	0.000610352	false	0.0210324	0.995000
phase	HeliumBPPressure	SF6	8.89174e-05	8.08694e-05	1.24673	8.55370e-05	0.00149889	14.9869,14.9873,14.9877,14.9878,14.9878,14.9877,14.9876,14.9874,14.9873,14.9873,14.9872,14.9872,14.9872,14.9872,14.9873,14.9873,14.9872,14.9872,14.9872,14.9872,14.9872,14.9872,14.9873,14.9873,14.9873,14.9873,14.9873,14.9873,14.9873,14.9873	-0.00219685,-0.00219685,-0.00174712,-0.00124039,-0.000798567,-0.000820469,-0.000574984,-0.000543640,-0.000462352,-0.000356421,-0.000294905,-0.000289956,-0.000268048,-0.000270273,-0.000158697,-0.000188062,-0.000141870,-0.000137087,-5.07741e-05,-8.30090e-05,-2.09115e-05,1.70879e-05,-3.84888e-05,-6.08632e-05,-8.37364e-06,3.74027e-05,0.000119658,0.000103219,5.41761e-05,2.08312e-06,-4.31211e-05,5.33033e-05,3.71199e-06,6.81278e-05,0.000242877,6.26274e-05,9.47083e-05,1.68433e-05,9.10869e-05,5.15399e-06,5.79659e-05,0.000155821,7.12275e-05,0.000110170,4.55631e-05,0.000180794,0.000154690,9.16518e-05,6.23126e-05,7.69541e-05,0.000121129,0.000103570,7.48000e-05,0.000123087,0.000259393,-8.15615e-06,0.000140835,0.000193318,7.52266e-05,0.000185207,0.000120816,0.000137279,0.000229524,0.000173103,0.000273989,0.000279577,0.000223250,0.000172742,0.000312636,0.000201338,0.000219958,0.000199797,0.000195068,0.000277975,0.000233233,0.000255813,0.000167505,0.000125378,0.000103895,0.000257546,0.000253857,0.000241720,0.000206456,0.000266030,0.000142986,0.000121018,0.000254259,0.000248692,0.000207199,0.000136073,1.70878e-05,0.000147770,4.50654e-05,0.000292491,0.000185325,0.000111988,0.000150387,0.000180381,0.000184548,0.000184548	-3.08731e-05,1.81562e-05,1.27170e-05,9.51279e-06,-3.10098e-05,1.51146e-05,1.22528e-05,4.36179e-05,8.53785e-06,-6.23031e-06
phase	HeliumBPPressure	C4F8	0.000115148	0.000109333	0.847833	0.000203226	0.00150650	14.9872,14.9869,14.9865,14.9866,14.9867,14.9867,14.9868,14.9868,14.9868,14.9868	-0.00177604,-0.00177604,-0.00132756,-0.00111217,-0.00100946,-0.000689601,-0.000696507,-0.000803443,-0.000261388,-0.000285259,-0.000511413,-0.000124987,-0.000223985,-0.000257121,-7.26699e-05,-3.99659e-05,-8.23019e-05,5.67283e-05,-0.000220854,7.10743e-05,2.10851e-05,-0.000103837,8.84086e-06,8.13775e-05,-9.00022e-05,-4.62333e-05,-0.000133776,-0.000183518,0.000187310,2.85515e-05,-7.53385e-05,-0.000230918,0.000235156,0.000260485,1.47453e-05,3.59892e-05,-8.69475e-05,0.000186630,-0.000188379,2.04522e-05,6.54463e-05,0.000427067,0.000209679,0.000196453,0.000260286,4.98017e-05,-6.19921e-07,0.000116951,-5.16688e-05,-3.86357e-05,1.45540e-05,4.99727e-05,0.000236594,9.40323e-05,-7.86776e-05,4.55892e-05,0.000250151,3.80289e-05,0.000139691,0.000157441,9.90477e-05,-6.76691e-05,2.48196e-05,0.000283817,0.000286506,9.45260e-05,0.000270212,0.000127982,1.13226e-05,0.000216134,1.77378e-05,0.000310060,0.000144361,0.000311837,-0.000115318,0.000394811,-1.53000e-05,0.000306582,5.95888e-05,0.000541484,0.000300645,0.000314047,0.000202961,3.11184e-05,0.000327212,0.000276900,0.000335344,0.000226801,1.49723e-06,0.000402517,0.000144708,5.37123e-05,0.000142553,0.000102784,0.000231338,0.000297784,0.000350148,0.000320804,-0.000126528,-0.000126528	-0.000208685,0.000103172,0.000105513,0.000114456,8.68883e-05,4.94413e-05,9.38634e-05,6.50463e-06,3.58871e-05,0.000105515
channel	PlatenDcBias	-	0.00000	0.0305176	false	0.00000	0.00000
phase	PlatenDcBias	SF6	0.460688	0.369707	0.299820	1.54191	14.5003	12.0334,12.6958,12.2684,11.7829,12.2061,12.2788,6.97063,1.57736,0.333232,0.593496,0.534110,0.168241,0.498369,0.404913,0.0538513,0.149695,0.874985,-0.215114,0.0622935,0.135957,0.136207,1.85559,2.57167,2.57167,2.57167,2.57167,2.57167,2.57167,2.57167,2.57167	2.21806,2.21806,1.01788,0.798225,0.0220066,-0.440328,-0.599809,-0.642739,0.523040,0.621151,-0.640373,0.609052,0.0834351,-0.0878114,0.223690,0.854596,0.0637153,0.307256,1.45580,-0.607940,0.116297,0.372200,0.228064,0.764596,-1.19285,0.0730806,0.452916,-0.186803,-0.270662,0.105668,-0.0131338,-0.595093,0.522206,0.341628,-0.0671429,-0.648005,-0.238977,-1.09309,0.615917,-0.268104,-0.377436,-0.206699,-0.646773,-0.160013,-0.423858,1.66377,-0.482114,-0.551477,-0.0436243,0.320074,-0.601013,1.20121,-0.249737,1.62499,-0.100444,-1.50879,-0.622116,0.490578,-1.31624,0.127959,0.513933,-0.249290,0.199409,-0.398083,0.933786,0.382037,0.132664,0.838496,0.255248,-0.123668,-0.654755,0.871463,-0.967373,-0.0748830,0.547542,-0.599388,-0.260410,-0.607837,-1.14076,-0.420968,-0.919409,-0.0551178,0.889832,0.0162641,-0.187464,0.101183,0.297695,-1.26253,1.55542,-0.470537,0.343925,0.769228,1.13104,-0.907758,0.660158,-0.174652,-1.75432,-1.62712,-0.536761,-0.536761	-0.0878227,-0.0705769,0.158400,0.0885761,0.278658,0.455195,0.464267,0.451080,0.457204,0.381283
phase	PlatenDcBias	C4F8	0.410173	0.600835	0.355756	0.00000	10.6113	4.24703,4.42905,3.20046,2.73751,2.89591,2.26253,7.65098,13.3989,13.3989,13.3989	-0.804590,-0.804590,0.630338,-0.0707610,0.960307,-1.17356,0.424816,0.0621999,-0.110902,-0.874481,0.0906423,0.105812,-0.103215,-0.877674,0.0161396,-0.190453,-0.968200,0.648307,-1.22667,-1.08412,-0.818685,0.139720,0.0515832,-0.644825,-0.725739,-1.26168,1.40859,-1.35831,-1.11457,1.00351,0.675476,-0.259614,0.574768,-0.490385,-0.489680,0.705609,0.376078,1.32875,0.533071,-0.252642,-1.02022,0.881229,-0.654928,2.26801,0.761339,-0.363209,2.03029,1.96548,-0.510979,-0.262370,-1.88348,1.17786,1.02317,-0.995445,-0.212992,0.325003,-0.199475,0.224366,2.03541,-1.58949,-0.294494,-0.104639,0.960110,-0.0907006,0.473514,0.256244,0.816857,1.10188,-1.03518,0.596799,0.417347,-0.198154,-0.710941,-0.729633,1.30538,1.01698,-0.621873,0.548640,0.172020,1.01049,-1.84820,-1.04518,-1.46601,-1.28586,0.586078,-1.18985,-0.542346,0.563717,1.09559,0.604611,-0.839981,-0.930274,-0.345605,1.04239,1.77439,-0.849299,0.197744,0.142766,-0.403316,-0.403316	-0.785017,0.461604,0.323414,-0.146525,-0.857618,-1.09496,-1.23816,-1.11255,-1.26296,-1.15260
channel	PlatenRFLoadCapacitor	-	49.8123	0.00000	true	0.717982	0.838768
phase	PlatenRFLoadCapacitor	SF6	0.286271	0.282985	0.00000	0.755558	0.162796	89.3051,89.3360,89.5766,89.9724,90.4693,90.9362,90.9755,90.4939,89.9305,89.7130,89.5712,89.4069,89.2511,89.0968,88.9410,88.8023,88.6576,88.5182,88.3829,88.2509,88.1430,87.9719,88.2884,88.2884,88.2884,88.2884,88.2884,88.2884,88.2884,88.2884	-37.1727,-37.1727,-17.2447,-8.28052,-4.05245,-1.99363,-0.881932,-0.627306,-0.353175,-0.205877,-0.137637,-0.0288911,0.0850008,0.138164,0.0597716,0.293200,0.238409,0.185979,0.236260,0.327790,0.148433,0.301633,0.344388,0.0326105,0.431401,0.449785,0.516664,0.445555,0.499995,0.489494,0.500939,0.561307,0.669407,0.704221,0.769957,0.766270,0.813879,0.760155,0.782491,0.837749,0.879497,0.857641,0.837256,0.865701,0.966336,0.877706,0.857783,0.891666,0.915023,0.955062,0.896134,0.892785,0.859927,0.893882,0.968775,0.942764,0.920947,1.01035,1.05839,0.989203,0.979458,1.02874,1.08122,1.07546,1.02185,1.10089,1.14095,1.17613,1.17215,1.11184,1.11131,1.09701,1.07600,1.03620,0.950257,0.961421,1.00494,0.986891,0.995737,0.965103,0.957398,0.954416,0.992454,1.03761,1.01786,0.979441,0.987926,1.03693,1.03969,1.11068,1.17074,1.10429,1.01887,0.997368,1.00936,0.960921,0.934524,1.00647,0.890288,0.890288	-0.482436,0.380475,0.101961,-0.146563,-0.154770,-0.256398,-0.336547,-0.0437837,-0.00738161,-0.147238
phase	PlatenRFLoadCapacitor	C4F8	0.334924	0.278325	0.241202	0.801451	0.0897566	87.3919,86.4384,86.4993,86.9563,87.7597,88.5158,89.0739,89.1482,89.1482,89.1482	-26.7678,-26.7678,-13.2397,-6.48725,-3.20957,-1.71509,-1.14146,-0.789137,-0.546994,-0.534449,-0.453740,-0.316264,-0.0861836,-0.303065,-0.181789,-0.142685,-0.246051,-0.251700,-0.0512554,-0.126585,-0.0238685,0.101305,-0.158037,0.0201742,0.169405,0.175802,0.176525,0.306046,0.317047,0.319467,0.332986,0.382699,0.528607,0.510602,0.479668,0.543963,0.529238,0.571060,0.586920,0.577017,0.623770,0.634038,0.596131,0.627203,0.691107,0.693173,0.716501,0.714968,0.769001,0.822417,0.810451,0.809952,0.768180,0.821674,0.874186,0.850995,0.817706,0.898802,0.866431,0.852050,0.844931,0.846256,0.864015,0.871812,0.863083,0.929169,0.924258,0.980450,0.985929,0.956168,0.941169,0.938795,0.955642,0.992245,0.907384,0.877419,0.907598,0.938276,0.952574,0.877311,0.857299,0.878378,0.915489,0.897735,0.859595,0.841925,0.842382,0.910605,0.867047,0.903636,0.947968,0.887831,0.870593,0.826550,0.850415,0.824415,0.875132,0.892106,0.808779,0.808779	-0.706191,0.461680,0.244511,0.0780824,0.0795886,0.0178792,-0.0252063,0.269056,0.319767,0.159314
channel	PlatenRFLoadPower	-	0.00000	0.0457764	true	0.00000	0.126549
phase	PlatenRFLoadPower	SF6	0.0339336	0.0349573	0.494548	0.179770	0.594006	79.1691,79.1271,79.1451,79.1581,79.1447,79.1497,54.8939,29.0983,29.0948,29.0756,29.0815,29.1150,29.0796,29.0960,29.0822,29.0986,29.0641,29.0917,29.0910,29.1093,29.1051,34.0011,39.5197,39.5197,39.5197,39.5197,39.5197,39.5197,39.5197,39.5197	-0.0968762,-0.0968762,-0.174876,-0.0925863,-0.146618,-0.0689504,-0.0854983,-0.0780527,-0.0801718,-0.0301490,-0.00902543,0.0249673,0.0270423,-0.00851717,-0.0219865,0.0866796,-0.00801368,-0.00142235,0.0775833,0.0446082,-0.0134716,-0.00680425,0.0351729,-0.0925271,-0.0473236,-0.126897,-0.0134401,-0.0788753,-0.106883,-0.0845192,-0.119690,-0.0874411,-0.0805237,-0.0522276,0.0574346,0.0411774,0.0204734,0.117900,0.0225135,-0.00753705,0.104911,0.0845975,0.0795327,0.122795,0.0559192,0.0267985,-0.0119570,-0.0376105,0.0143338,-0.0488413,-0.0359213,0.0386228,0.0108724,-0.0328502,-0.0897779,0.00102243,0.0366635,0.0404917,0.0335777,0.0297047,0.0160999,0.0774615,0.0190219,-0.00441431,0.121176,0.0573368,0.0637540,0.00723714,0.0161613,0.108589,0.0634497,-0.0252233,-0.0254903,0.0270790,-0.0724347,-0.0220942,0.00955706,-0.0309327,0.0225154,-0.0152273,0.00678441,-0.0135113,-0.0136728,0.0319999,0.0517112,0.0418957,0.0505030,0.0559043,-0.0418307,0.0744982,0.123961,0.0933296,0.0562523,0.0783585,-0.00500877,-0.0661878,-0.000402906,-0.0382358,-0.0594851,-0.0594851	-0.0316872,0.0283458,0.00334135,-0.0274502,-0.0713965,-0.0756208,-0.0840283,-0.0747318,-0.0846207,-0.0796560
phase	PlatenRFLoadPower	C4F8	0.0354804	0.0271157	0.508724	0.00000	0.575381	39.4815,39.5122,39.4955,39.4974,39.4937,39.5080,58.5480,79.1633,79.1633,79.1633	0.0570056,0.0570056,-0.0454707,-0.0444357,-0.0641735,-0.0137896,-0.0754797,-0.0676625,-0.0502360,-0.0132036,-0.0447001,0.0502613,0.0381598,-0.0332027,-0.0695951,-0.00149781,0.0143709,-0.0231055,-0.0101362,-0.000827877,0.00615506,0.0599146,-0.0307762,-0.00841019,0.0285881,0.0655447,-0.0629693,-0.0570562,0.0691294,0.0215427,-0.0658480,0.0123531,-0.0175900,-0.00225977,0.0128694,0.0392184,0.0549945,-0.00536889,-0.0350461,-0.00157833,-0.0138654,-0.0192693,-0.0184172,-0.0433041,0.0394805,-0.0301578,-0.0448005,-0.0405283,-0.0268311,0.0536141,0.0698081,0.0113192,0.0380471,0.0804939,0.0331157,-0.0437057,0.0516973,0.0884415,-0.0194182,0.0420523,-0.0558899,0.0510086,-0.0126732,-0.0104698,0.103020,0.0242266,-0.0399849,-0.0292523,0.105319,0.0345149,-0.0661285,-0.0134390,0.0704290,-0.0795074,0.0158349,0.0322515,-0.0101655,0.00139057,0.0701587,-0.0599047,-0.0174879,0.0107972,0.00848419,0.0679143,-0.0660394,0.105287,-0.0322099,-0.0265822,0.0185111,0.0129692,0.00165540,0.0176958,-0.00222654,-0.0262284,-0.0224357,0.00361806,-0.0601456,-0.00826983,-0.00983367,-0.00983367	0.00198087,-0.000121411,-0.00185946,-0.0177787,-0.0116418,-0.0234659,-0.00314948,-0.00872071,-0.0251496,-0.0336329
channel	PlatenRFPeakToPeak	-	0.00000	0.00000	true	0.00000	0.0106316
phase	PlatenRFPeakToPeak	SF6	0.985749	1.90134	0.00000	14.4541	56.4504	793.300,791.909,803.952,802.069,801.835,800.403,602.796,399.192,402.349,405.266,406.190,407.341,407.349,407.628,406.531,406.543,407.625,405.731,406.648,406.641,406.139,462.786,522.134,522.134,522.134,522.134,522.134,522.134,522.134,522.134	2.52548,2.52548,-5.43085,-2.91340,-3.88094,-1.82811,-6.50097,-7.47097,-4.44184,2.70761,1.53363,7.16663,-3.92351,1.90838,1.36214,4.47818,2.84489,3.09703,2.63796,0.268838,2.86398,0.546836,-2.57354,-2.07673,-8.96896,-1.68809,-5.18849,-8.93376,-5.63214,2.40648,-1.76595,-4.33832,1.17417,-3.50158,2.30198,-2.95954,1.13625,-0.400146,-0.196640,-0.662206,-1.60100,0.424721,-0.659924,4.39760,1.84463,6.30320,-0.788508,-0.510367,-3.78911,-2.94250,-9.13498,0.497386,-4.43269,8.04748,-4.77202,-5.34168,-6.71405,1.59353,0.343843,2.79300,3.65872,0.312199,6.11679,6.47721,9.61969,1.37419,6.46767,3.69579,1.43757,2.49756,-4.12290,3.26501,0.671237,0.155491,3.19030,-8.28219,2.21169,-7.20913,-6.80798,-3.71227,-4.45777,2.14606,3.91680,-3.04959,-2.49205,0.766196,9.31434,2.20823,11.8917,1.22096,3.42722,6.13752,8.42530,1.44808,6.35724,-0.732490,-6.78341,-1.31702,-0.709983,-0.709983	-2.19877,0.135822,2.06294,2.83196,3.63546,5.26902,4.89714,5.27173,5.22509,4.38269
phase	PlatenRFPeakToPeak	C4F8	1.70936	3.07395	0.237771	0.00000	44.1135	642.375,682.690,667.483,661.415,657.215,653.263,782.178,920.954,920.954,920.954	2.79470,2.79470,4.24603,-0.984385,2.81045,-1.50762,4.18489,-5.55067,2.21348,0.894005,-1.85628,1.08761,-4.01860,-8.14960,3.86668,-1.33797,-3.34479,4.58129,-10.5819,-0.987271,-3.95519,-2.85736,0.0425334,-4.52945,-0.949828,-5.83296,1.86887,-2.24315,-7.73053,2.89919,2.78358,-2.03225,4.68906,-4.12656,-1.02599,-2.74848,-2.15916,6.93823,-0.302159,-8.88341,-7.17953,1.07266,-1.30861,6.80246,2.18574,-7.51921,7.16710,5.53428,-3.23744,0.511648,-8.93956,0.230041,5.23540,-4.00490,-1.13875,3.11755,0.118908,1.28133,6.89412,-6.80115,-3.10305,-2.54372,5.39381,-0.0248116,0.670827,-0.964307,0.434787,2.59427,-3.98477,6.98627,-1.52379,-0.734634,2.12814,2.94378,4.65990,2.72935,-7.36329,3.11320,1.88340,4.27755,-6.96410,-4.07336,-4.98942,-3.72910,1.70322,-2.49829,0.104710,7.04397,6.11983,7.29904,-3.65595,1.17821,1.70661,10.5769,4.20035,0.931123,5.70067,-0.0807582,3.75137,3.75137	-4.54704,0.184908,4.36213,4.46660,6.46564,8.68840,9.46941,9.61333,11.8805,14.5465
channel	PlatenRFReflectedPower	-	0.00000	0.0457764	true	0.00000	0.0702174
phase	PlatenRFReflectedPower	SF6	0.0584396	0.0719577	0.595550	0.379132	1.50893	10.3634,1.39615,1.64387,1.43603,1.22921,1.17261,9.12540,10.6275,2.42312,1.62434,1.62080,1.65492,1.62992,1.62027,1.61596,1.57878,1.57613,1.46434,1.45542,1.52592,1.43498,1.74588,1.95341,1.95341,1.95341,1.95341,1.95341,1.95341,1.95341,1.95341	1.64692,1.64692,0.497251,0.146748,0.118379,-0.0204628,-0.0157583,0.115587,0.185006,-0.00647450,-0.0701615,-0.0545663,-0.0981967,0.00948331,-0.112282,0.0458327,-0.0899292,-0.0152954,-0.121275,0.0948622,0.0671074,0.0484707,-0.0437727,-0.0493401,-0.230776,0.0638339,-0.0341107,0.0935208,-0.0432917,0.174586,0.147443,0.0678556,-0.0117664,0.0755576,-0.0721394,0.0293209,0.130712,-0.227647,-0.0435380,0.318373,-0.0659233,0.0110910,-0.151048,-0.0250538,-0.338748,0.0498708,0.0948713,-0.130476,0.0203875,0.0249581,-0.190779,-0.227597,-0.150779,0.0461185,0.0272984,0.0681570,-0.0806177,-0.0630067,-0.0441818,-0.0880477,0.0140237,-0.188745,-0.0158647,-0.232143,0.0728165,-0.0633073,-0.140997,-0.0376952,0.00855318,-0.0487004,-0.0941599,0.0195135,-0.0541024,-0.0744867,0.180501,-0.0922550,0.0170037,-0.114170,-0.0573869,-0.0865929,0.0328924,0.0920944,0.00672613,-0.0208288,-0.132318,0.102686,-0.0196975,-0.0163863,-0.320380,-0.0695125,-0.211897,-0.00667051,-0.0776266,0.00235940,0.126454,-0.0855472,-0.0808949,0.107718,0.0584077,0.0584077	0.0270097,-0.0373692,0.0103595,0.0446086,0.0882540,0.105692,0.156134,0.117279,0.120465,0.106269
phase	PlatenRFReflectedPower	C4F8	0.0748883	0.0980581	0.00000	0.305179	1.18482	23.2809,3.55233,1.84399,1.79022,1.73991,1.55487,2.46976,3.51310,3.51310,3.51310	4.24513,4.24513,1.73930,0.647839,0.332408,0.0966187,0.279905,-0.251439,0.104290,0.243830,0.105953,0.115037,-0.191648,-0.177729,0.00328206,-0.0471143,0.00603927,0.0827758,-0.179483,0.116321,-0.0920659,-0.0500669,-0.00195509,-0.172760,0.0379090,-0.121753,0.0356616,-0.0756548,-0.261191,0.0118958,0.106789,-0.0822625,0.0160190,-0.188855,-0.0778007,-0.0418669,-0.0771437,0.186645,-0.0236651,-0.287189,-0.281400,0.00127562,-0.0686927,0.165745,0.135141,-0.326578,0.141808,0.0949596,-0.206292,-0.0959166,-0.276887,-0.0339798,0.0729824,-0.223852,-0.0495506,-0.0420305,-0.0564048,-0.0138281,0.0556318,-0.317256,-0.175177,-0.234787,0.132558,-0.167986,-0.0738595,-0.215991,-0.0609522,-0.0726562,-0.183161,-0.00970856,-0.210804,-0.139891,-0.0314952,-0.0791055,0.0294248,-0.103372,-0.349973,-0.0844654,-0.0746689,-0.0951233,-0.392867,-0.280588,-0.284622,-0.214136,-0.184031,-0.201916,-0.0787140,-0.0709296,0.00863291,0.104825,-0.252992,-0.190525,-0.120821,0.0968547,-0.0352786,-0.139182,0.0212570,-0.263640,-0.110697,-0.110697	0.0869487,-0.0577610,-0.0291878,-0.0472614,-0.0118853,0.00651556,0.0118838,-0.0442382,-0.000235363,0.0846561
channel	PlatenRFTuningCapacitor	-	49.9344	0.00305176	true	0.579347	0.995000
phase	PlatenRFTuningCapacitor	SF6	0.0322679	0.0211886	0.101797	0.0234031	0.0665183	30.2558,28.7398,28.8106,28.8176,28.8248,28.8158,28.4514,27.4626,26.5642,26.2898,26.2866,26.3056,26.3213,26.3361,26.3482,26.3714,26.4095,26.4532,26.4876,26.5080,26.5160,26.7824,27.0670,27.0670,27.0670,27.0670,27.0670,27.0670,27.0670,27.0670	1.76318,1.76318,0.707801,0.346300,0.197587,0.0844264,0.0474697,0.0244571,0.0275678,0.0364312,0.0289277,0.0290122,0.0226056,-0.0161436,-0.0208315,0.00374747,0.00646999,-0.00128115,0.00363139,-0.0173105,-0.0149299,-0.0281710,-0.0650062,-0.0240152,-0.0431891,-0.0312451,-0.0345858,-0.0339843,-0.0442862,-0.0465137,-0.0393679,-0.0422487,-0.0485919,-0.0478668,-0.0537855,-0.0466881,-0.0474220,-0.0524240,-0.0521966,-0.0510990,-0.0503097,-0.0506263,-0.0514926,-0.0551314,-0.0512563,-0.0533118,-0.0549335,-0.0540206,-0.0558945,-0.0550344,-0.0563529,-0.0528983,-0.0565660,-0.0505239,-0.0552924,-0.0526531,-0.0514162,-0.0529051,-0.0506153,-0.0510517,-0.0505592,-0.0496271,-0.0492496,-0.0480705,-0.0492543,-0.0464831,-0.0511690,-0.0496110,-0.0468157,-0.0441730,-0.0497082,-0.0461851,-0.0439864,-0.0388825,-0.0415073,-0.0382616,-0.0384088,-0.0405693,-0.0415830,-0.0408363,-0.0359809,-0.0350722,-0.0309235,-0.0314743,-0.0286346,-0.0238576,-0.0210813,-0.0263282,-0.0278991,-0.0273323,-0.0253417,-0.0220919,-0.0229802,-0.0223755,-0.0147469,-0.0168785,-0.0164811,-0.0185122,-0.0115952,-0.0115952	-0.0911986,-0.000924419,0.0921230,0.184272,0.242955,0.294077,0.327970,0.319801,0.318011,0.323935
phase	PlatenRFTuningCapacitor	C4F8	0.0324761	0.0298578	0.183217	0.0474504	0.0243410	28.1469,30.5860,30.9487,30.9120,30.8882,30.7803,30.7033,30.6967,30.6967,30.6967	1.45088,1.45088,0.694931,0.401375,0.233525,0.143466,0.136123,0.102944,0.0903939,0.0862236,0.0824479,0.0601253,0.0638013,0.0531643,0.0546960,0.0595899,0.0602642,0.0379312,0.0133099,0.0190877,0.0257944,0.0131772,0.0112047,0.00367783,0.00748032,-0.00615581,-0.0107793,-0.00561339,-0.0183542,-0.0132665,-0.0108140,-0.0190980,-0.0231952,-0.0292338,-0.0304424,-0.0339221,-0.0370970,-0.0387585,-0.0402130,-0.0406288,-0.0431810,-0.0474322,-0.0470797,-0.0465164,-0.0530670,-0.0556244,-0.0549141,-0.0573053,-0.0561421,-0.0603019,-0.0660412,-0.0633146,-0.0589991,-0.0624515,-0.0657180,-0.0656035,-0.0622415,-0.0659282,-0.0647346,-0.0646178,-0.0673142,-0.0635121,-0.0662532,-0.0657746,-0.0676583,-0.0657254,-0.0651539,-0.0717620,-0.0706914,-0.0706506,-0.0651465,-0.0680830,-0.0692918,-0.0701568,-0.0675169,-0.0646825,-0.0653793,-0.0681823,-0.0667696,-0.0583859,-0.0583335,-0.0598565,-0.0618073,-0.0605811,-0.0595664,-0.0566800,-0.0591259,-0.0581520,-0.0519285,-0.0535877,-0.0585162,-0.0548431,-0.0538746,-0.0527975,-0.0480158,-0.0552360,-0.0467120,-0.0489808,-0.0518726,-0.0518726	-0.00871059,-0.0215329,0.0302435,0.0644998,0.0835009,0.100101,0.107850,0.0883545,0.0814048,0.0853684
channel	Pressure	-	0.000700000	9.99942e-05	true	0.139173	0.00000
phase	Pressure	SF6	3.75881e-06	1.86778e-06	0.349883	0.00000	6.13217e-05	0.0573818,0.0586271,0.0450859,0.0431086,0.0411118,0.0404716,0.0401873,0.0399421,0.0398368,0.0398044,0.0398494,0.0399657,0.0400769,0.0401339,0.0401410,0.0401118,0.0400659,0.0400204,0.0400058,0.0400005,0.0399990,0.0395857,0.0391112,0.0391112,0.0391112,0.0391112,0.0391112,0.0391112,0.0391112,0.0391112	2.55024e-05,2.55024e-05,7.89450e-06,6.58565e-07,-4.13175e-06,-4.22305e-06,-8.62363e-06,-4.09894e-06,2.03578e-06,-6.32739e-07,-2.84626e-06,-2.11806e-06,1.33170e-06,6.28160e-06,-4.04248e-07,-6.07833e-08,1.48533e-06,5.58195e-06,2.27297e-06,-1.88324e-06,8.44481e-07,-6.66372e-07,2.59962e-06,-2.97211e-06,-5.28752e-06,-7.64778e-06,-4.37455e-06,-3.89987e-06,-5.08907e-06,-9.68495e-06,-5.62832e-06,-5.01704e-06,-5.52119e-06,-5.45995e-06,-3.38549e-07,2.90640e-06,1.49154e-06,-3.31746e-06,1.36158e-06,8.74623e-06,1.00533e-05,1.18128e-06,2.41348e-06,1.93555e-06,6.45968e-06,3.50531e-07,-3.61693e-06,-1.24009e-06,-3.32712e-06,-1.42289e-06,-3.82553e-06,-5.00853e-06,-5.07026e-06,-3.45126e-06,-3.93096e-06,-5.34595e-06,-5.61707e-06,-2.57173e-06,-4.36548e-08,3.74780e-07,-2.70152e-06,1.92477e-06,5.76119e-06,7.57525e-06,3.49514e-06,3.58497e-07,3.83990e-06,7.82930e-06,5.22116e-06,-5.99361e-07,2.20828e-06,1.62757e-06,1.45743e-06,-1.79032e-06,-5.04593e-06,-5.89602e-06,-4.74656e-06,-4.88617e-06,-4.26162e-06,-2.65732e-06,-7.18448e-07,1.77441e-06,-2.17541e-06,-8.87988e-07,1.79655e-06,4.07630e-06,4.68813e-06,-3.12467e-07,-1.44890e-06,4.00134e-06,6.22836e-06,5.17644e-06,3.82900e-06,7.98695e-07,6.61400e-06,3.58114e-06,-8.05784e-07,-1.11536e-06,8.50830e-07,8.50830e-07	-2.47944e-06,1.08642e-06,1.39302e-06,8.65030e-07,-9.49424e-08,-2.23954e-06,-1.75135e-06,-2.46361e-06,-1.10553e-06,-2.59205e-06
phase	Pressure	C4F8	0.000106857	3.87393e-05	0.00000	0.00000	0.000720423	0.0308831,0.0314228,0.0417548,0.0471321,0.0504504,0.0500068,0.0498040,0.0496602,0.0496602,0.0496602	-0.000136874,-0.000136874,-4.09690e-05,-5.05025e-05,-0.000150266,2.25437e-05,-4.64754e-05,-4.63701e-05,5.67215e-05,1.23293e-05,-1.45668e-05,8.38962e-06,2.58768e-05,5.22532e-05,0.000188093,3.49719e-05,2.92122e-05,3.76197e-05,5.26182e-05,-1.62472e-05,7.24002e-05,-5.42846e-06,-1.18831e-06,2.94231e-05,-2.31402e-05,5.63364e-05,4.66282e-05,6.77564e-05,0.000230490,-1.73720e-05,-8.58725e-05,-2.89051e-05,8.11051e-05,7.28427e-07,-5.99640e-05,7.51100e-05,-0.000101783,9.75556e-05,5.70827e-05,-3.75424e-05,2.89842e-05,2.01086e-05,1.33863e-05,1.56283e-06,-5.04804e-05,-4.29728e-05,-3.48896e-05,-2.47309e-05,4.93606e-05,-2.75320e-05,1.00515e-05,4.88996e-05,3.70086e-05,-1.19379e-05,-1.89087e-05,-6.55718e-05,-0.000110030,-1.12488e-07,-4.48051e-05,5.98824e-05,-8.39694e-05,7.08129e-05,1.63363e-05,-4.61678e-05,-2.37447e-05,-4.14669e-05,-1.85284e-05,5.32103e-05,1.14852e-05,7.38811e-06,-1.52696e-05,-1.78376e-05,-9.98067e-06,2.71570e-05,-2.06531e-05,2.68547e-05,6.53401e-05,5.68550e-05,3.05713e-05,-2.15082e-06,8.59496e-05,-0.000205798,-0.000118216,-0.000151703,-8.70899e-05,-4.47156e-05,-6.35217e-05,-4.22368e-05,-7.35371e-05,4.67938e-05,6.69425e-05,1.40569e-05,3.42830e-05,6.88425e-05,2.28442e-05,-6.61692e-06,-2.85268e-05,4.27568e-05,4.57236e-05,4.57236e-05	2.02911e-05,-5.53906e-06,-1.47520e-05,-2.28839e-05,-2.33066e-05,-2.10801e-05,-3.12300e-05,-2.63648e-05,-1.31993e-05,1.04931e-06
channel	SourceRF2LoadPower	0.00000	0.00000	0.00000	true	0.00000	0.00000
channel	SourceRF2PeakToPeak	-	0.00000	0.152592	true	0.00000	0.00000
phase	SourceRF2PeakToPeak	SF6	3.61401e-20	1.24732e-19	0.00000	0.00000	0.00000	3.78242,0.0175489,0.00000,0.00000,0.00000,0.00000,0.00000,0.00000,0.00000,0.00000,0.00000,0.00000,0.00000,0.00000,0.00000,0.00000,0.00000,0.00000,0.00000,0.00000,0.00000,0.00000,0.00000,0.00000,0.00000,0.00000,0.00000,0.00000,0.00000,0.00000	1.30104e-18,1.30104e-18,1.30104e-18,1.30104e-18,1.30104e-18,1.30104e-18,1.30104e-18,1.30104e-18,1.30104e-18,1.30104e-18,1.30104e-18,1.30104e-18,1.30104e-18,1.30104e-18,1.30104e-18,1.30104e-18,1.30104e-18,1.30104e-18,1.30104e-18,1.30104e-18,1.30104e-18,1.30104e-18,1.30104e-18,1.30104e-18,1.30104e-18,1.30104e-18,1.30104e-18,1.30104e-18,1.30104e-18,1.30104e-18,1.30104e-18,1.30104e-18,1.30104e-18,1.30104e-18,1.30104e-18,1.30104e-18,1.30104e-18,1.30104e-18,1.30104e-18,1.30104e-18,1.30104e-18,1.30104e-18,1.30104e-18,1.30104e-18,1.30104e-18,1.30104e-18,1.30104e-18,1.30104e-18,1.30104e-18,1.30104e-18,1.30104e-18,1.30104e-18,1.30104e-18,1.30104e-18,1.30104e-18,1.30104e-18,1.30104e-18,1.30104e-18,1.30104e-18,1.30104e-18,1.30104e-18,1.30104e-18,1.30104e-18,1.30104e-18,1.30104e-18,1.30104e-18,1.30104e-18,1.30104e-18,1.30104e-18,1.30104e-18,1.30104e-18,1.30104e-18,1.30104e-18,1.30104e-18,1.30104e-18,1.30104e-18,1.30104e-18,1.30104e-18,1.30104e-18,1.30104e-18,1.30104e-18,1.30104e-18,1.30104e-18,1.30104e-18,1.30104e-18,1.30104e-18,1.30104e-18,1.30104e-18,1.30104e-18,1.30104e-18,1.30104e-18,1.30104e-18,1.30104e-18,1.30104e-18,1.30104e-18,1.30104e-18,1.30104e-18,1.30104e-18,1.30104e-18,1.30104e-18	0.00000,0.00000,0.00000,0.00000,0.00000,0.00000,0.00000,0.00000,0.00000,0.00000
phase	SourceRF2PeakToPeak	C4F8	0.00000	0.00000	0.00000	0.00000	0.00000	0.00000,0.00000,0.00000,0.00000,0.00000,0.00000,0.00000,0.00000,0.00000,0.00000	0.00000,0.00000,0.00000,0.00000,0.00000,0.00000,0.00000,0.00000,0.00000,0.00000,0.00000,0.00000,0.00000,0.00000,0.00000,0.00000,0.00000,0.00000,0.00000,0.00000,0.00000,0.00000,0.00000,0.00000,0.00000,0.00000,0.00000,0.00000,0.00000,0.00000,0.00000,0.00000,0.00000,0.00000,0.00000,0.00000,0.00000,0.00000,0.00000,0.00000,0.00000,0.00000,0.00000,0.00000,0.00000,0.00000,0.00000,0.00000,0.00000,0.00000,0.00000,0.00000,0.00000,0.00000,0.00000,0.00000,0.00000,0.00000,0.00000,0.00000,0.00000,0.00000,0.00000,0.00000,0.00000,0.00000,0.00000,0.00000,0.00000,0.00000,0.00000,0.00000,0.00000,0.00000,0.00000,0.00000,0.00000,0.00000,0.00000,0.00000,0.00000,0.00000,0.00000,0.00000,0.00000,0.00000,0.00000,0.00000,0.00000,0.00000,0.00000,0.00000,0.00000,0.00000,0.00000,0.00000,0.00000,0.00000,0.00000,0.00000	0.00000,0.00000,0.00000,0.00000,0.00000,0.00000,0.00000,0.00000,0.00000,0.00000
channel	SourceRF2ReflectedPower	0.00000	0.00000	0.00000	true	0.00000	0.00000
channel	SourceRF2TuningCapacitor	2.00000	1.00000	0.00000	true	0.00000	0.00000
channel	SourceRFLoadPower	-	0.00000	0.167725	true	0.0763906	0.00000
phase	SourceRFLoadPower	SF6	0.123066	0.166041	0.0661571	1.30465	5.45238	2791.36,2791.74,2791.62,2791.51,2791.48,2791.50,2791.57,2791.53,2791.70,2791.62,2791.60,2791.67,2791.59,2791.71,2791.46,2791.74,2791.59,2791.57,2791.62,2791.72,2791.67,2792.02,2792.45,2792.45,2792.45,2792.45,2792.45,2792.45,2792.45,2792.45	-0.441030,-0.441030,0.414296,0.894908,-0.383957,-0.164107,-0.215490,-0.0470224,-0.117999,-0.215761,0.360081,0.311126,-0.271714,0.367495,0.0290644,0.0729797,-0.414437,-0.0652102,0.259159,0.525927,-0.145485,-0.808811,0.147736,0.351629,-0.367166,0.426427,0.206863,0.761408,0.103049,0.350957,0.406096,0.430084,-0.238719,0.533959,0.194847,-0.261806,0.150630,-0.0199716,-0.268961,-0.329824,-0.192267,0.152557,-0.192788,0.353708,0.0535367,-0.0240254,0.317942,0.0161218,-0.276325,0.407191,-0.493348,0.270729,-0.209724,-0.237383,0.434489,-0.297894,0.128763,0.598028,-0.0966488,0.372436,-0.0977599,-0.617689,0.120618,-0.100511,-0.190979,0.419760,-0.0449660,0.124566,-0.244230,0.531762,0.148252,0.0644246,0.202045,-0.0263403,-0.205323,-0.492850,0.227930,-0.0637735,-0.100099,-0.530461,-0.328014,-0.500168,-0.170638,0.316635,-0.652050,0.0190167,-0.257036,-0.247823,0.542383,-0.364306,-0.125566,0.0602394,-0.554814,0.108930,-0.359811,0.442225,-0.568688,0.253070,-0.356183,-0.356183	0.0983181,-0.0597395,-0.0385786,-0.227387,-0.315678,-0.425639,-0.381356,-0.459867,-0.507169,-0.438794
phase	SourceRFLoadPower	C4F8	0.160705	0.320721	0.263536	0.00000	6.30956	2791.33,2791.47,2791.64,2791.64,2791.67,2791.70,2791.57,2791.38,2791.38,2791.38	0.769970,0.769970,1.14778,-1.85633,0.278827,0.749419,-0.735814,0.337518,1.44257,0.421528,-0.0206614,0.188096,0.523357,0.329154,-0.380321,-0.0623838,0.236867,-0.142760,-0.0211874,0.984749,-0.0183780,0.377113,0.121056,0.0502112,0.319572,-0.542740,-0.178381,-1.05938,-0.103217,-0.509155,-0.687566,-0.250920,-0.612117,-0.209615,0.820625,1.05308,0.509923,-0.111808,0.0703085,0.840522,-0.0197234,-0.778127,0.156310,0.00704799,-0.532250,-0.0594603,-1.11910,0.0789230,-0.0225670,0.668657,0.435160,0.104865,0.126703,0.361078,-0.414976,-0.102865,-0.424484,-0.350724,-0.203031,0.0606217,-0.292437,-0.347613,0.617051,0.326392,-0.935108,-0.116153,-0.879953,0.672199,-0.238213,-0.342608,-0.184701,0.0621792,0.373106,-0.734538,-0.270981,0.981174,-0.0389785,-0.166165,-0.00486824,0.239730,1.08611,-0.0730816,-0.569872,-0.132973,0.301631,-0.489631,0.774634,0.0705499,-0.529970,0.436151,0.362955,-0.213323,-0.312182,-0.404133,0.140062,-0.130985,-0.689305,-0.0660899,-0.332733,-0.332733	0.150925,0.00528666,-0.156212,-0.0160433,-0.0325223,-0.106816,-0.182911,-0.0408619,-0.268188,-0.366442
channel	SourceRFPeakToPeak	-	0.00000	0.152588	true	0.00000	0.314684
phase	SourceRFPeakToPeak	SF6	5.33378	1.62189	0.00000	2.19373	9.32992	3241.50,3285.47,3298.95,3301.25,3304.20,3306.56,3310.12,3316.26,3322.84,3331.19,3337.02,3341.54,3344.93,3346.78,3348.19,3348.45,3348.92,3349.56,3349.68,3349.95,3350.38,3302.91,3249.31,3249.31,3249.31,3249.31,3249.31,3249.31,3249.31,3249.31	-54.1981,-54.1981,-31.5827,-23.6706,-17.8083,-14.9548,-11.1140,-9.87913,-8.64177,-6.89177,-5.57404,-5.26079,-4.77950,-4.11730,-3.32453,-3.29420,-2.10306,-1.44360,-1.93692,-1.42574,-1.26638,0.312329,0.724758,1.33586,1.94284,2.42030,2.51905,2.63749,3.15692,2.84145,3.12211,3.66141,3.30743,2.57311,2.85338,1.78409,2.40855,3.50340,2.55735,2.51238,2.81206,2.69623,2.83510,2.38865,3.49362,2.27566,4.05949,3.59468,3.79164,3.04853,4.86729,4.36938,4.90225,3.05875,4.25371,4.14914,4.84217,2.86876,3.49729,2.92757,2.85484,3.26922,1.95314,1.71337,2.26490,1.61748,2.08775,1.80633,2.57081,2.47024,3.42423,2.05040,3.63226,3.49421,2.84933,3.92877,3.03132,3.35382,4.46739,3.49226,3.37908,2.46055,2.51420,2.90492,3.50615,1.52840,1.14694,1.59747,0.613966,2.02395,1.49656,1.08818,1.77039,2.69245,0.667161,2.03671,3.09704,3.50179,2.07226,2.07226	0.847709,-0.129277,-0.718432,-0.950364,-1.86628,-2.27992,-3.34344,-4.62206,-5.69401,-5.98184
phase	SourceRFPeakToPeak	C4F8	4.64580	1.36332	0.178841	2.43298	8.69798	3213.45,3177.68,3162.93,3159.49,3156.74,3155.91,3152.33,3148.05,3148.05,3148.05	-31.8664,-31.8664,-21.0144,-14.9627,-12.9555,-8.98212,-9.13938,-4.68308,-7.22912,-4.61209,-3.59706,-2.89620,-1.61793,-2.33134,-3.05496,-0.661507,0.897378,-0.803262,1.28802,0.587017,1.17894,0.229421,1.55207,1.37132,-0.192201,2.54859,1.62929,0.648051,2.65965,1.83317,1.29494,1.86488,1.66496,3.20720,3.37481,1.76243,2.81977,1.28901,2.26598,4.13473,2.49148,2.29736,3.28037,1.96721,1.92706,3.20635,2.21076,2.04683,3.33375,1.20924,2.20335,0.967744,1.39345,1.54840,1.97359,1.79057,2.46455,1.35875,0.673812,2.18977,3.42283,2.29087,1.55079,2.38889,2.35051,1.20629,2.10727,1.11186,1.42500,0.277938,1.42643,2.57188,1.48538,2.41409,1.38852,1.52098,2.52843,0.656955,0.174043,0.529836,1.01502,0.872042,1.72865,2.52398,1.85199,0.570563,1.54520,0.385695,1.03279,0.380988,1.92424,1.05179,0.521968,0.0936742,-0.0881393,-0.383497,1.06801,1.88623,-0.876002,-0.876002	1.94404,0.0592791,-2.00332,-3.32118,-4.22917,-4.41120,-4.71347,-5.28864,-5.46514,-4.74042
channel	SourceRFReflectedPower	-	0.00000	0.0305176	true	0.0321575	0.870966
phase	SourceRFReflectedPower	SF6	0.873569	1.24243	0.00000	0.898425	3.02480	86.3270,34.3586,29.1191,28.4071,27.7286,27.5758,27.7203,28.4671,30.3581,33.7783,37.2221,40.5700,43.3355,44.7353,45.4827,45.8119,45.9136,45.9669,45.9675,45.8758,45.8241,166.511,300.952,300.952,300.952,300.952,300.952,300.952,300.952,300.952	14.5089,14.5089,13.4108,10.9791,9.52237,8.49197,7.82830,6.78558,5.71081,5.64132,4.93148,3.98495,3.91187,3.41226,3.23948,2.76991,2.46773,1.94359,1.90896,1.87844,1.37963,1.26462,1.17051,0.992939,1.11002,0.744443,0.538028,0.640359,0.530653,0.317807,0.143449,-0.120651,-0.225932,-0.119335,-0.716215,-0.795658,-1.05073,-0.990506,-1.13249,-1.26500,-1.50769,-1.33720,-1.51083,-1.41766,-1.69606,-1.53093,-1.28112,-0.976049,-1.41600,-1.19010,-0.903178,-1.14135,-1.25163,-1.43248,-1.20230,-1.41166,-1.40324,-1.86551,-1.80970,-1.83566,-1.96366,-2.06872,-2.01335,-2.16406,-2.34150,-2.15701,-2.48307,-2.61310,-2.35981,-1.93835,-1.87851,-1.99247,-2.00686,-1.73382,-1.89079,-1.65457,-1.93874,-1.79147,-1.67813,-2.08350,-2.16196,-2.37419,-2.26329,-2.44512,-2.26014,-2.47944,-2.87009,-2.38816,-2.53977,-2.75532,-2.74495,-2.78341,-2.66180,-2.52094,-2.76050,-2.43821,-2.06316,-2.22321,-2.21198,-2.21198	1.31245,-0.754190,-0.558260,0.0368139,0.979351,2.12135,2.38711,2.09680,1.27023,1.73208
phase	SourceRFReflectedPower	C4F8	3.14265	1.64636	0.0740186	1.72997	5.71527	522.080,422.305,402.574,399.330,393.830,390.941,390.288,390.372,390.372,390.372	25.1365,25.1365,23.4062,20.6340,21.2984,19.3503,17.6162,17.4460,15.7099,13.9608,13.0295,11.8957,11.2952,10.2908,8.23386,7.23743,6.71991,6.30683,5.84885,4.53229,3.67206,2.62468,2.50483,2.93950,1.84903,0.685278,0.432165,-0.204565,0.590818,-0.341900,-1.01586,-1.22455,-1.12046,-1.48205,-1.48253,-2.22923,-2.45841,-3.43385,-2.52875,-2.41867,-2.31197,-3.15694,-2.97246,-3.37558,-4.37634,-2.79236,-3.53601,-3.76224,-3.86861,-3.22275,-3.25758,-4.23377,-4.11410,-3.68619,-3.99192,-4.20699,-4.41065,-5.68145,-4.19454,-4.12424,-4.23313,-4.20756,-4.74271,-3.93629,-4.93797,-4.78844,-4.73928,-4.49057,-4.89434,-5.29825,-3.81890,-4.05822,-4.71531,-4.44408,-5.35874,-4.16994,-4.14913,-4.89432,-5.57377,-4.45585,-3.60202,-4.03070,-3.34895,-4.01276,-4.80232,-4.52495,-4.65724,-5.34428,-5.26415,-5.42248,-4.79752,-4.54224,-4.06699,-5.90425,-4.53159,-5.55741,-5.34797,-4.02254,-4.49221,-4.49221	0.487540,-1.34765,0.860108,2.58557,4.07135,5.93225,6.81854,7.23728,6.75176,8.04518
channel	SourceRFTuningCapacitor	3.00000	3.00000	0.00000	true	0.00000	0.00000
channel	moriInnerCurrent	-	0.00000	0.00201416	true	0.720411	0.995000
phase	moriInnerCurrent	SF6	0.000235222	0.000573763	0.00000	0.00216562	0.00805072	9.99899,9.99885,9.99874,9.99874,9.99874,9.99867,9.99871,9.99903,9.99913,9.99914,9.99906,9.99912,9.99908,9.99910,9.99900,9.99886,9.99886,9.99913,9.99930,9.99926,9.99899,9.99872,9.99905,9.99905,9.99905,9.99905,9.99905,9.99905,9.99905,9.99905	0.000180413,0.000180413,-0.00178164,-0.000171660,0.000756586,-0.000920612,-0.000155931,-0.000822326,-0.000575371,-1.20252e-05,-0.000706016,-0.00222240,-0.000223915,-0.000328461,-0.000545890,0.000993445,-0.000761344,-0.000179906,-0.00112514,-0.00219236,-0.000592687,-0.000519082,0.000235079,0.00112609,0.00138172,0.000407220,-0.000854410,0.000115502,0.000329665,0.000378175,0.000482332,-0.00154107,-0.000101459,-0.000977449,-0.000570070,-3.24249e-05,0.00187777,-0.000882509,0.000323737,0.00178467,-0.000498878,0.000687117,0.000612691,0.00132258,0.00244271,0.00136182,0.000266159,0.000915923,0.000637591,0.000326901,0.00110337,-1.26760e-05,-0.000610813,-0.000696878,-0.000630173,-0.000731727,-0.000935222,-0.00143497,-0.00147584,-0.00165451,-0.00109749,-0.00136743,-0.000391339,-0.000741904,-0.00121030,-0.000405491,-5.58739e-05,0.000836083,0.00148172,0.000917066,-0.000323264,-0.00101403,0.000131538,-0.00168564,-0.00152028,-0.00104878,-0.00271761,-0.000226668,0.000404936,0.000714736,0.00116811,-0.00107595,-0.000414720,0.000765986,0.000712245,0.000256038,0.000598345,0.00112882,0.00170782,0.00211781,-0.00112292,0.00131947,0.00102053,0.000994542,0.00159591,0.00126979,0.00160329,0.000951137,0.00222657,0.00222657	-0.000513758,0.000287300,0.000226458,7.34940e-05,0.000489280,0.000216973,0.000455162,0.000222381,0.000551900,0.000590395
phase	moriInnerCurrent	C4F8	0.000284893	0.000949374	0.00000	0.00728617	0.00191130	9.99897,9.99905,9.99903,9.99911,9.99911,9.99911,9.99905,9.99914,9.99914,9.99914	0.00448173,0.00448173,0.00113290,0.000863454,-0.00235398,-0.00229818,-0.00303348,0.000291206,-0.00161371,0.000830186,0.000934152,0.00197463,0.00234348,0.000564387,-0.000108524,-0.00195433,-0.00279209,-0.000644429,-0.000612269,-0.00283090,-0.000682556,0.000125644,-0.00105348,-0.00101842,0.00139857,0.00214129,0.00294325,0.00362064,0.000357145,-0.00128688,0.00100096,0.00100367,0.00143256,-0.00104792,-0.00249446,-0.000745215,-9.14081e-06,-0.000107446,-0.00118475,0.00264217,-0.00262584,-0.00111713,0.00214137,-0.00242583,-0.00141791,-0.00162894,0.000220985,0.000429095,-7.38256e-05,0.000864375,-0.00101451,0.00160261,-0.000875279,0.000663477,0.000261863,-0.00198847,-0.00181646,-0.000982716,9.15013e-05,-0.00101060,0.000392725,8.90017e-05,-0.00205154,-0.000342431,-0.000408793,0.000631126,0.00119896,-0.000713496,0.000323674,-0.00135087,0.00177374,9.16290e-05,0.00156753,-0.00178797,0.00210891,0.000762159,-0.00128044,-0.00359793,0.00341667,-0.000579614,0.00119878,-0.000173679,-0.00135125,0.000959063,2.73047e-05,0.00154103,0.00186974,-0.000671442,-0.000645740,0.00431532,-0.00142271,0.00294404,-0.000648178,0.000494224,0.00237479,0.000763696,0.00163586,-0.00285665,-0.00217745,-0.00217745	-0.000943922,0.000212865,0.000731057,0.000473641,0.000622399,0.000500198,0.000736801,-3.95426e-05,0.000642623,0.000204883
swings	30	Gas1Flow:1:-3.43891,Gas5Flow:1:-1.21353,Gas5Flow:1:0.291235,Gas5Flow:1:0.251536,Gas5Flow:1:-1.63435,Gas5Flow:1:-0.573116,Gas5Flow:1:-0.289436,Gas5Flow:1:-0.554042,Gas5Flow:1:-0.794146,Gas5Flow:1:0.256225,HeliumBPFlow:11:-1.57083,HeliumBPFlow:5:1.38809,HeliumBPFlow:7:1.40016,HeliumBPFlow:13:-1.51134,HeliumBPFlow:15:-1.54195,HeliumBPFlow:12:-1.43543,HeliumBPPressure:1:-1.36128,HeliumBPPressure:1:-1.40579,HeliumBPPressure:1:-1.33323,HeliumBPPressure:1:1.25179,PlatenDcBias:1:1.29784,PlatenDcBias:1:1.27616,PlatenRFLoadCapacitor:1:-4.71493,PlatenRFLoadCapacitor:2:-12.1254,PlatenRFLoadCapacitor:2:-6.79393,PlatenRFLoadCapacitor:1:9.14095,PlatenRFLoadCapacitor:1:-5.63615,PlatenRFLoadCapacitor:2:-11.8618,PlatenRFLoadCapacitor:3:13.8550,PlatenRFLoadCapacitor:2:17.8540,PlatenRFLoadCapacitor:4:-5.12302,PlatenRFLoadCapacitor:2:-12.3897,PlatenRFLoadCapacitor:1:4.83950,PlatenRFLoadCapacitor:1:-4.81445,PlatenRFLoadCapacitor:1:-4.54910,PlatenRFLoadCapacitor:2:-11.5965,PlatenRFLoadCapacitor:3:-9.77352,PlatenRFLoadCapacitor:2:-12.8114,PlatenRFLoadCapacitor:2:-11.8958,PlatenRFLoadCapacitor:1:-4.67146,PlatenRFLoadCapacitor:1:-5.06485,PlatenRFLoadCapacitor:2:16.3685,PlatenRFLoadCapacitor:2:-12.0704,PlatenRFReflectedPower:1:1.78358,PlatenRFTuningCapacitor:1:-5.83738,PlatenRFTuningCapacitor:4:-3.13827,PlatenRFTuningCapacitor:3:5.95014,PlatenRFTuningCapacitor:4:-0.137150,PlatenRFTuningCapacitor:1:2.64655,PlatenRFTuningCapacitor:1:-2.52344,PlatenRFTuningCapacitor:1:-2.82589,PlatenRFTuningCapacitor:3:-7.16124,PlatenRFTuningCapacitor:5:2.82045,PlatenRFTuningCapacitor:3:5.52376,PlatenRFTuningCapacitor:1:-2.43697,PlatenRFTuningCapacitor:1:-2.40376,PlatenRFTuningCapacitor:1:-2.57338,PlatenRFTuningCapacitor:2:-8.34886,PlatenRFTuningCapacitor:4:-5.71647,PlatenRFTuningCapacitor:4:1.43022,PlatenRFTuningCapacitor:1:-3.40397,PlatenRFTuningCapacitor:2:5.75395,PlatenRFTuningCapacitor:1:-3.15667,PlatenRFTuningCapacitor:1:-3.12224,PlatenRFTuningCapacitor:3:-0.522270,PlatenRFTuningCapacitor:1:2.81516,PlatenRFTuningCapacitor:1:-3.27051,PlatenRFTuningCapacitor:2:6.38964,PlatenRFTuningCapacitor:3:5.43894,PlatenRFTuningCapacitor:3:6.16441,PlatenRFTuningCapacitor:2:6.93459,PlatenRFTuningCapacitor:1:-2.98472,PlatenRFTuningCapacitor:3:-5.52054,PlatenRFTuningCapacitor:3:2.50099,PlatenRFTuningCapacitor:1:-2.62632,PlatenRFTuningCapacitor:1:-3.23550,PlatenRFTuningCapacitor:2:-7.41943,PlatenRFTuningCapacitor:2:6.75492,PlatenRFTuningCapacitor:1:-3.04392,SourceRFPeakToPeak:1:-1.78753,SourceRFPeakToPeak:1:-1.44279,SourceRFPeakToPeak:1:-1.61849,SourceRFReflectedPower:1:-1.71259
